-3.3489862769556424,26.00141713053017,0,26
-3.3489862769556424,26.00141713053017,0,26
-3.178789209543762,26.48853741317791,-10,42
-2.673936340600747,27.139643067361604,-10,42
-1.9191561130139263,28.887913167081415,-10,42
-1.4110345935032083,31.86148932996503,-10,42
-1.2022045022179135,35.36245010219909,-10,42
-1.4863186813813076,38.04167602207929,-10,42
-2.592499085432026,39.15831564393859,-10,42
-4.32829180357068,39.62532924795944,-10,42
-6.02777316110817,40.23711883120498,-10,42
-7.456081735587615,40.88780893339734,-10,42
-8.703087319668521,41.4196116276583,-10,42
-9.730205163057057,41.7976463332278,-10,42
-10.291539137032988,41.93933781101401,-10,42
-10.48349625250699,41.967237821800516,-10,42
-10.45560280340418,41.98583434343257,-10,42
-10.435292270977774,41.98014944282497,-10,42
-10.45560280340418,41.98583434343257,-10,42
-10.427688890097428,42.004385801138866,-10,42
-10.447911485818018,42.010023650777256,-10,42
-10.447911485818018,42.010023650777256,-10,42
-10.475855746456219,41.99148313382187,-10,42
-10.475855746456219,41.99148313382187,-10,42
-10.447911485818018,42.010023650777256,-10,42
-10.475855746456219,41.99148313382187,-10,42
-10.475855746456219,41.99148313382187,-10,42
-10.45560280340418,41.98583434343257,-10,42
-10.475855746456219,41.99148313382187,-10,42
-10.475855746456219,41.99148313382187,-10,42
-10.475855746456219,41.99148313382187,-10,42
-10.475855746456219,41.99148313382187,-10,42
-10.447911485818018,42.010023650777256,-10,42
-10.427688890097428,42.004385801138866,-10,42
-10.447911485818018,42.010023650777256,-10,42
-10.475855746456219,41.99148313382187,-10,42
-10.447911485818018,42.010023650777256,-10,42
-10.447911485818018,42.010023650777256,-10,42
-10.447911485818018,42.010023650777256,-10,42
-10.45560280340418,41.98583434343257,-10,42
-10.447911485818018,42.010023650777256,-10,42
-10.427688890097428,42.004385801138866,-10,42
-10.447911485818018,42.010023650777256,-10,42
-10.447911485818018,42.010023650777256,-10,42
-10.447911485818018,42.010023650777256,-10,42
-10.45560280340418,41.98583434343257,-10,42
-10.447911485818018,42.010023650777256,-10,42
-10.475855746456219,41.99148313382187,-10,42
-10.427688890097428,42.004385801138866,-10,42
-10.475855746456219,41.99148313382187,-10,42
-10.447911485818018,42.010023650777256,-10,42
-10.447911485818018,42.010023650777256,-10,42
-10.475855746456219,41.99148313382187,-10,42
-10.447911485818018,42.010023650777256,-10,42
-10.447911485818018,42.010023650777256,-10,42
-10.45560280340418,41.98583434343257,-10,42
-10.427688890097428,42.004385801138866,-10,42
-10.475855746456219,41.99148313382187,-10,42
-10.45560280340418,41.98583434343257,-10,42
-10.475855746456219,41.99148313382187,-10,42
-10.475855746456219,41.99148313382187,-10,42
-10.447911485818018,42.010023650777256,-10,42
-10.45560280340418,41.98583434343257,-10,42
-10.475855746456219,41.99148313382187,-10,42
-10.45560280340418,41.98583434343257,-10,42
-10.475855746456219,41.99148313382187,-10,42
-10.475855746456219,41.99148313382187,-10,42
-10.447911485818018,42.010023650777256,-10,42
-10.447911485818018,42.010023650777256,-10,42
-10.447911485818018,42.010023650777256,-10,42
-10.45560280340418,41.98583434343257,-10,42
-10.45560280340418,41.98583434343257,-10,42
-10.447911485818018,42.010023650777256,-10,42
-10.45560280340418,41.98583434343257,-10,42
-10.447911485818018,42.010023650777256,-10,42
-10.427688890097428,42.004385801138866,-10,42
-10.45560280340418,41.98583434343257,-10,42
-10.45560280340418,41.98583434343257,-10,42
-10.427688890097428,42.004385801138866,-10,42
-10.475855746456219,41.99148313382187,-10,42
-10.447911485818018,42.010023650777256,-10,42
-10.447911485818018,42.010023650777256,-10,42
-10.427688890097428,42.004385801138866,-10,42
-10.447911485818018,42.010023650777256,-10,42
-10.447911485818018,42.010023650777256,-10,42
-10.447911485818018,42.010023650777256,-10,42
-10.427688890097428,42.004385801138866,-10,42
-10.475855746456219,41.99148313382187,-10,42
-10.475855746456219,41.99148313382187,-10,42
-10.447911485818018,42.010023650777256,-10,42
-10.475855746456219,41.99148313382187,-10,42
-10.475855746456219,41.99148313382187,-10,42
-10.475855746456219,41.99148313382187,-10,42
-10.447911485818018,42.010023650777256,-10,42
-10.447911485818018,42.010023650777256,-10,42
-10.447911485818018,42.010023650777256,-10,42
-10.475855746456219,41.99148313382187,-10,42
-10.475855746456219,41.99148313382187,-10,42
-10.475855746456219,41.99148313382187,-10,42
-10.447911485818018,42.010023650777256,-10,42
-10.475855746456219,41.99148313382187,-10,42
-10.447911485818018,42.010023650777256,-10,42
-10.447911485818018,42.010023650777256,-10,42
-10.447911485818018,42.010023650777256,-10,42
-10.447911485818018,42.010023650777256,-10,42
-10.475855746456219,41.99148313382187,-10,42
-10.447911485818018,42.010023650777256,-10,42
-10.475855746456219,41.99148313382187,-10,42
-10.427688890097428,42.004385801138866,-10,42
-10.447911485818018,42.010023650777256,-10,42
-10.45560280340418,41.98583434343257,-10,42
-10.447911485818018,42.010023650777256,-10,42
-10.447911485818018,42.010023650777256,-10,42
-10.427688890097428,42.004385801138866,-10,42
-10.427688890097428,42.004385801138866,-10,42
-10.427688890097428,42.004385801138866,-10,42
-10.45560280340418,41.98583434343257,-10,42
-10.427688890097428,42.004385801138866,-10,42
-10.447911485818018,42.010023650777256,-10,42
-10.427688890097428,42.004385801138866,-10,42
-10.447911485818018,42.010023650777256,-10,42
-10.45560280340418,41.98583434343257,-10,42
-10.475855746456219,41.99148313382187,-10,42
-10.475855746456219,41.99148313382187,-10,42
-10.475855746456219,41.99148313382187,-10,42
-10.447911485818018,42.010023650777256,-10,42
-10.427688890097428,42.004385801138866,-10,42
-10.45560280340418,41.98583434343257,-10,42
-10.45560280340418,41.98583434343257,-10,42
-10.475855746456219,41.99148313382187,-10,42
-10.427688890097428,42.004385801138866,-10,42
-10.475855746456219,41.99148313382187,-10,42
-10.447911485818018,42.010023650777256,-10,42
-10.475855746456219,41.99148313382187,-10,42
-10.447911485818018,42.010023650777256,-10,42
-10.475855746456219,41.99148313382187,-10,42
-10.447911485818018,42.010023650777256,-10,42
-10.427688890097428,42.004385801138866,-10,42
-10.447911485818018,42.010023650777256,-10,42
-10.45560280340418,41.98583434343257,0,26
-10.45560280340418,41.98583434343257,0,26
-10.906104245270132,41.65772388301771,0.673171,26.164706
-11.41273445858279,40.96705564989467,0.504878,26.164706
-11.880363955624691,39.572587421345204,0.504878,26.164706
-11.952714964210731,37.68274331300211,0.504878,26.164706
-10.905141295961378,36.756651224936675,0.504878,26.164706
-9.489448614500654,36.05613286663803,0.504878,26.164706
-7.743154848224165,35.41951299262711,0.504878,26.164706
-6.151901493989749,34.51699849135127,0.504878,26.164706
-4.799822223120362,33.16572829083171,0.504878,26.164706
-3.394733024607987,31.617227839581336,0.504878,26.164706
-2.1722621148475625,30.05898855366909,0.504878,26.164706
-1.019926075147204,28.28534974950477,0.504878,26.164706
-0.22455142446063547,26.807270244993667,0.504878,26.164706
-0.01825358203239702,26.057439669434622,0.504878,26.164706
-0.036358220715307255,25.936101047024863,0.504878,26.164706
-0.01825358203239702,26.057439669434622,0.504878,26.345098
0.05505602670771026,26.21793147604633,0.504878,26.345098
0.036654988638792574,26.17795227255978,0.504878,26.345098
0.01835200952393201,26.217964182394468,0.504878,26.345098
0.01835200952393201,26.217964182394468,0.504878,26.345098
1.7763568394002505e-15,26.25788138481201,0.504878,26.345098
0.01835200952393201,26.217964182394468,0.504878,26.345098
0.036752927220003784,26.257864965066958,0.504878,26.345098
1.7763568394002505e-15,26.25788138481201,0.504878,26.345098
0.01835200952393201,26.217964182394468,0.504878,26.345098
0.01835200952393201,26.217964182394468,0.504878,26.345098
0.01835200952393201,26.217964182394468,0.504878,26.345098
0.036752927220003784,26.257864965066958,0.504878,26.345098
0.036752927220003784,26.257864965066958,0.504878,26.345098
0.01835200952393201,26.217964182394468,0.504878,26.345098
0.01835200952393201,26.217964182394468,0.504878,26.345098
0.036752927220003784,26.257864965066958,0.504878,26.345098
0.01835200952393201,26.217964182394468,0.504878,26.345098
1.7763568394002505e-15,26.25788138481201,0.504878,26.345098
0.036752927220003784,26.257864965066958,0.504878,26.345098
0.01835200952393201,26.217964182394468,0.504878,26.345098
1.7763568394002505e-15,26.25788138481201,0.504878,26.345098
0.01835200952393201,26.217964182394468,0.504878,26.345098
0.01835200952393201,26.217964182394468,0.504878,26.345098
0.01835200952393201,26.217964182394468,0.504878,26.345098
1.7763568394002505e-15,26.25788138481201,0.504878,26.345098
1.7763568394002505e-15,26.25788138481201,0.504878,26.345098
0.036752927220003784,26.257864965066958,0.504878,26.345098
0.01835200952393201,26.217964182394468,0.504878,26.345098
0.036752927220003784,26.257864965066958,0.504878,26.345098
1.7763568394002505e-15,26.25788138481201,0.504878,26.345098
0.01835200952393201,26.217964182394468,0.504878,26.345098
0.036752927220003784,26.257864965066958,0.504878,26.345098
0.01835200952393201,26.217964182394468,0.504878,26.345098
0.036752927220003784,26.257864965066958,0.504878,26.345098
0.036752927220003784,26.257864965066958,0.504878,26.345098
0.018400857903657197,26.29770438078389,0.841463,26.52549
0.07370076205384635,26.337384007954576,1.009756,26.52549
0.23984283402890938,26.376405008391806,1.346341,26.705882
0.5199557282918796,26.57081856946334,1.682927,26.886275
0.8585880833449391,26.72119760749974,1.85122,27.066667
1.203572046354159,26.944164020281757,2.019512,27.066667
1.477674898146379,27.16398700637317,2.187805,27.247059
1.61611402293879,27.272101816895752,2.52439,27.427451
1.7766485647318273,27.415538494977056,2.692683,27.607843
1.9339971209278097,27.482892026353255,2.860976,27.788235
2.152095754722703,27.583164575294926,3.197561,28.14902
2.4321927230985096,27.714615603483054,3.365854,28.329411999999998
2.665463232072524,27.955364190575523,3.534146,28.509804
2.937186310097129,28.36715899165514,3.534146,28.690196
3.0980187159636703,28.602153753321858,3.870732,29.231372999999998
3.203870128349031,28.872820249705924,4.039024,29.411765
3.367659920009322,29.100278155174973,4.207317,29.592157
3.5330296164053703,29.324146166424576,4.37561,29.772548999999998
3.7647441339289305,29.571718272269827,4.543902,29.952941
3.965227672260598,29.883740344311462,4.880488,30.313724999999998
4.2018885345437305,30.120697757505226,4.880488,30.494118
4.399144748518674,30.357554066172394,5.04878,30.854902
4.556097688867734,30.59511660114481,5.217073,31.215685999999998
4.679715328008715,30.895862313226484,5.385366,31.576470999999998
4.85444945748953,31.246926119154587,5.385366,31.937255
5.0303755882307115,31.590708679858935,5.721951,32.478431
5.171586353157904,31.991656637678233,6.058537,33.380392
5.449951639839288,32.567633477230856,6.058537,33.921569
5.805020933542437,33.33554935091509,6.226829,34.282353
6.009652093732468,33.98518200317744,6.395122,34.823529
6.098830853697352,34.473225998766374,6.395122,35.184314
6.218735146885553,34.841395794137945,6.563415,35.364706
6.2246518895486815,35.06880244809162,6.563415,35.72549
6.209172416758092,35.321591040102845,6.563415,35.905882
6.239584286722572,35.563647759834545,6.563415,36.086275
6.269061054885853,35.80237378355997,6.563415,36.086275
6.191012700942416,35.958987556159954,6.563415,36.266667
6.159876666735901,36.106942507333784,6.563415,36.447058999999996
6.197329214550621,36.219457147003325,6.563415,36.627451
6.191910639619589,36.38453350293081,6.563415,36.627451
6.132662461859002,36.509969209975566,6.563415,36.807843
6.169350881407572,36.619766201108824,6.563415,36.988235
6.18418647133792,36.75490489710127,6.395122,37.168627
6.145464420259401,36.85181404942919,6.395122,37.168627
6.0844991286503465,36.974039186657706,6.226829,37.349019999999996
5.9743719949909035,37.10266017238427,6.058537,37.529412
5.907947265981491,37.17932171405207,5.890244,37.529412
5.743703427323592,37.26963847532147,5.721951,37.709804
5.578919108049938,37.35902079139382,5.553659,37.890196
5.439987927410899,37.46582003217245,5.385366,37.890196
5.3004488199113595,37.57165728134319,5.385366,37.890196
5.130502640590461,37.61531781470656,5.217073,37.890196
4.967057817515995,37.74387110703766,4.712195,38.070588
4.744017927040183,37.7490420420348,4.543902,38.070588
4.520986633805691,37.75294342293142,4.37561,38.070588
4.251614640381444,37.80366083234772,4.207317,38.25098
4.057206555812135,37.866620514478484,4.039024,38.070588
3.8883936766624885,37.94746893847281,3.870732,38.070588
3.641358825378685,37.970339959571,3.702439,38.070588
3.4177928223716076,37.96832765507897,3.534146,37.890196
3.194272821571177,37.965048464929225,3.197561,37.709804
3.0676010956841946,37.910295112053944,3.029268,37.529412
2.9154318452161743,37.835038840075384,3.029268,37.529412
2.787218837385984,37.7352486906682,2.860976,37.349019999999996
2.6593072144618812,37.634231806242724,2.52439,36.988235
2.531713189150098,37.53198696323609,2.52439,36.988235
2.4044528470467252,37.42851300038376,2.356098,36.807843
2.3011167891267945,37.29997170158493,2.019512,36.447058999999996
2.22161077597117,37.14595023605041,2.019512,36.266667
2.093691292894164,36.99269141729303,1.85122,36.086275
2.0382040781301285,36.81057784109988,1.682927,36.086275
1.9111893787317769,36.653205535219264,1.514634,35.72549
1.759859470824587,36.471121790388956,1.346341,35.545097999999996
1.5628077658659105,36.336105981151896,1.009756,35.003922
1.3641070063145921,36.10202908645138,1.009756,35.003922
1.0696185775931113,35.76734327486135,0.841463,34.643136999999996
0.8250997924592749,35.37203898830299,0.841463,34.643136999999996
0.6561725281488755,35.094153324647195,0.504878,34.282353
0.5835883132317345,34.914184608445126,0.504878,34.282353
0.44252576592023374,34.811723602326836,0.168293,33.921569
0.37201311945869797,34.73385173024754,0.0,33.741175999999996
0.20840520248128236,34.55037483489005,-0.168293,33.560784
5.329070518200751e-15,34.364435528148206,-0.336585,33.560784
-0.2066501711587314,34.17557522772334,-0.504878,33.560784
-0.36669195304480695,34.09313853912194,-0.504878,33.560784
-0.48037573837079073,34.01030150043189,-0.673171,33.560784
-0.6392774526080824,33.9260845092642,-1.178049,33.380392
-0.7985724627247492,33.895780834302556,-1.346341,33.380392
-1.025387062693616,33.83561780963267,-1.346341,33.380392
-1.2531929686587322,33.829025368772875,-1.514634,33.380392
-1.502774654204158,33.79277087944283,-1.682927,33.380392
-1.6610161114901167,33.75885190681975,-2.019512,33.560784
-1.8644755093645404,33.72213526052637,-2.019512,33.560784
-2.0676264454681625,33.6843366059684,-2.187805,33.560784
-2.2946359734916815,33.671733162134274,-2.356098,33.741175999999996
-2.497269833941692,33.63168922663344,-2.52439,33.741175999999996
-2.7240072407756664,33.616607229927524,-2.692683,33.921569
-2.9091080954313906,33.658653340832316,-2.692683,33.921569
-3.032257574380365,33.787002893515705,-3.029268,34.101961
-3.1272558717912435,33.83435611823212,-3.029268,34.101961
-3.2888134672702414,33.8485056525933,-3.197561,34.282353
-3.3926516375632563,34.002970972037765,-3.197561,34.282353
-3.5177789201004277,34.127027408333525,-3.365854,34.462745
-3.597427529871849,34.25395097435289,-3.365854,34.823529
-3.6354597158360544,34.43667872715551,-3.365854,34.823529
-3.694480800335125,34.589378339297284,-3.365854,34.823529
-3.7536118971838786,34.74067491637636,-3.365854,35.184314
-3.7449136634814533,34.9228665089601,-3.365854,35.364706
-3.7571695580548337,35.075756987124755,-3.365854,35.545097999999996
-3.733925425456473,35.38219169879794,-3.365854,35.72549
-3.7018712320528095,35.58517755683952,-3.365854,36.086275
-3.7166062976420147,35.7815504626376,-3.365854,36.266667
-3.7309831322200164,35.97572881948232,-3.365854,36.266667
-3.767200564503492,36.141602022811114,-3.365854,36.627451
-3.755276336396051,36.31031004569002,-3.365854,36.807843
-3.746202124379449,36.5241709197427,-3.365854,36.988235
-3.713839355751592,36.7606322554653,-3.365854,37.168627
-3.7549462077234352,37.00974526028323,-3.197561,37.529412
-3.6950367575275163,37.21920538133989,-3.197561,37.529412
-3.660000913409208,37.44582545651701,-3.029268,37.709804
-3.5956157946021516,37.60602744188937,-2.860976,37.890196
-3.478897329528376,37.72552340396112,-2.692683,38.25098
-3.413229617367735,37.882761177043584,-2.52439,38.431373
-3.2521639164936147,38.131046507891696,-2.356098,38.611765
-3.0652641059470227,38.39749791141509,-2.187805,38.792157
-2.8246425500472903,38.621252260477235,-2.187805,38.792157
-2.680773874076813,38.79374339950404,-2.019512,38.972549
-2.583428628095964,38.88063427805146,-1.85122,38.972549
-2.4857921833032144,38.96679584930952,-1.514634,39.333332999999996
-2.338808728174623,39.09466884595838,-1.346341,39.333332999999996
-2.1418854740030486,39.262605705002926,-1.178049,39.333332999999996
-1.9182925966438944,39.40952503379904,-0.841463,39.513725
-1.5920505248622483,39.519535474934244,-0.673171,39.694118
-1.239910362606338,39.6459219190527,-0.504878,39.694118
-1.0128229430161113,39.70884290623056,-0.336585,39.694118
-0.9119110325765316,39.748854938348416,-0.168293,39.694118
-0.8364044515089564,39.80670991887133,0.168293,39.87451
-0.7098216971004945,39.827767665119396,0.336585,39.87451
-0.4057742515046403,39.86915618431533,0.504878,39.87451
-0.10151737043634057,39.945221241079835,0.673171,40.054902
0.1269186956058448,39.96362326753494,1.009756,40.054902
0.3049582242985647,40.091132503051284,1.178049,40.054902
0.4830726487944368,40.14401873627736,1.514634,40.054902
0.7375257065671761,40.176501980865766,1.85122,40.054902
1.0938321510522169,40.20473391251076,2.019512,40.054902
1.3729397014303792,40.14220372724421,2.187805,40.054902
1.6265659448471004,40.096712587249215,2.356098,40.054902
1.7543801976430817,40.145894537352916,2.692683,40.054902
1.9068338194651009,40.13914920263207,2.860976,40.054902
2.16151175880091,40.162743214063234,2.860976,40.054902
2.338286112928728,40.098900621869625,3.029268,40.054902
2.4398381013318096,40.09303204025612,3.197561,40.054902
2.567914566780642,40.139503176851235,3.534146,39.87451
2.66868209824191,40.096997372155,3.702439,39.87451
2.896635507943044,40.06353634066461,4.039024,39.694118
3.174142935759402,39.98862007425353,4.37561,39.513725
3.4736003195609033,39.817729581598655,4.543902,39.513725
3.824938442536242,39.71246943099861,4.880488,39.513725
4.152455925885889,39.662109843318376,5.385366,39.152941
4.403142940524166,39.59869737633247,5.721951,39.152941
4.754188598088659,39.522102228723995,5.890244,38.792157
4.994036355871465,39.266131272083314,6.226829,38.611765
5.331321607775903,38.991510695883385,6.731707,38.431373
5.802187268891968,38.86854275951567,6.731707,38.25098
6.007618582623891,38.58077848598542,6.9,38.070588
6.163643105926772,38.33484852279488,7.068293,37.890196
6.298120092830306,38.14984720275538,7.404878,37.529412
6.484347909529051,37.99580325442248,7.573171,37.349019999999996
6.714398745665072,37.79017060184144,7.741463,37.168627
6.9332939098768325,37.497031103075535,7.741463,37.168627
7.11452937435363,37.33550754093551,7.909756,36.627451
7.116661294142512,37.13812989990568,8.078049,36.447058999999996
7.166201924786208,36.92960088064702,8.078049,36.266667
7.283950676824023,36.683224381788136,8.078049,35.905882
7.366453080643105,36.37039766655967,8.078049,35.905882
7.404404787651895,36.10700147725575,8.078049,35.72549
7.473978004079591,35.904904329060926,8.078049,35.545097999999996
7.481160600803248,35.784284645652434,8.078049,35.364706
7.454023987437619,35.5968164498968,8.078049,35.364706
7.480354847088137,35.44592616138909,8.078049,35.184314
7.520380805273252,35.38938638279515,8.078049,35.003922
7.451796386475806,35.254864537083826,8.078049,34.643136999999996
7.449629214832626,35.081525739418375,7.909756,34.282353
7.3849394595304965,34.81726047491366,7.741463,34.101961
7.3654672307018245,34.540152368055445,7.741463,34.101961
7.306457360877552,34.318303684861824,7.404878,33.741175999999996
7.227951705886522,34.123450651212984,7.236585,33.560784
7.111694081024529,33.98623992302515,7.068293,33.380392
7.041240523897333,33.83913358396717,6.9,33.2
6.925252934031386,33.698746221455494,6.563415,33.019608
6.764174707959036,33.56460101830523,6.395122,32.839216
6.63034898505761,33.45124129833722,6.226829,32.658823999999996
6.496908449291979,33.33644557881246,5.890244,32.298039
6.310767224302332,33.17330654868904,5.721951,32.117647
6.027972237546155,32.96635479285225,5.553659,31.937255
5.713084218566269,32.673315279427975,5.553659,31.937255
5.5046996161714965,32.4732207842872,5.217073,31.756863
5.400992109060006,32.37174119192816,5.217073,31.576470999999998
5.297617808906974,32.26930118078075,5.04878,31.576470999999998
5.176463142753342,32.19773820632987,4.880488,31.396078
5.048197315070897,32.067259596477705,4.543902,31.215685999999998
4.85148810638384,31.91417101448812,4.543902,31.215685999999998
4.713720572659435,31.87146712043505,4.207317,31.035294
4.45739238265285,31.751758079845878,4.039024,30.854902
4.295661258054997,31.6794915552723,3.870732,30.854902
4.084888982036393,31.550518530640268,3.702439,30.854902
3.89998700758248,31.44738005115305,3.702439,30.854902
3.7404696934993567,31.37100762948768,3.365854,30.674509999999998
3.6302794771645868,31.350710423876613,3.197561,30.674509999999998
3.4289377470979723,31.276421409978163,3.197561,30.674509999999998
3.2524451481548784,31.22966342361029,3.029268,30.674509999999998
3.0337779632380375,31.185245147073466,2.692683,30.494118
2.8772273709495195,31.103593875392285,2.52439,30.494118
2.702387593308119,31.053560205057845,2.356098,30.494118
2.504709752651415,30.972558075798588,2.187805,30.494118
2.3158084803425005,31.015782450499696,1.85122,30.494118
2.1229336257096314,30.995349883170867,1.682927,30.494118
1.9303418538777013,30.97389432691942,1.514634,30.313724999999998
1.7183216295163692,30.983865469970695,1.178049,30.313724999999998
1.5261655167116484,30.960332442869834,0.841463,30.133333
1.2696910564566046,30.906296406843204,0.841463,30.133333
1.015799101744424,30.91376993239753,0.673171,30.133333
0.7810047441125931,30.823937929899436,0.673171,30.133333
0.612150063120124,30.826966860506595,0.504878,30.133333
0.5267988330754285,30.764470240257527,0.168293,29.952941
0.3989622610138017,30.63791921867247,0.168293,29.952941
0.18864817101997033,30.575181460540193,-0.168293,29.952941
0.041809413253711014,30.478756085477272,-0.168293,29.772548999999998
-0.1462009101129631,30.446117731222916,-0.336585,29.772548999999998
-0.3338693093422922,30.412522598012707,-0.504878,29.772548999999998
-0.4998901186953262,30.34572070685497,-0.673171,29.772548999999998
-0.6652939835854763,30.27801958685403,-0.673171,29.772548999999998
-0.8300752161501634,30.2094260360727,-1.009756,29.592157
-0.994228207706291,30.139946912141973,-1.178049,29.592157
-1.1577474295129875,30.06958913153592,-1.514634,29.592157
-1.3425140078105429,30.030650257825773,-1.85122,29.411765
-1.5269105852308957,29.99079450005523,-1.85122,29.411765
-1.7744127239499274,29.98026756576168,-2.019512,29.231372999999998
-1.9806286145801497,29.97028731925409,-2.356098,29.231372999999998
-2.164159531030032,29.92738923711691,-2.692683,29.231372999999998
-2.265007039164507,29.888487549067417,-2.692683,29.231372999999998
-2.470743070610549,29.875918979982032,-3.029268,29.231372999999998
-2.65336256194691,29.83065092445834,-3.365854,29.231372999999998
-2.917681993577272,29.77839507320351,-3.534146,29.231372999999998
-3.1463621689683983,29.793717334195065,-3.534146,29.231372999999998
-3.351683148676539,29.776465477338938,-3.702439,29.231372999999998
-3.556942195389418,29.75811654678237,-4.039024,29.231372999999998
-3.7621353606281254,29.738669603970372,-4.039024,29.231372999999998
-3.9672586697387153,29.718123659064457,-4.207317,29.231372999999998
-4.17230812049759,29.696477671718213,-4.543902,29.411765
-4.377279681736134,29.673730551891083,-4.880488,29.411765
-4.5821692919854655,29.6498811606996,-5.04878,29.592157
-4.786972858142018,29.624928311305254,-5.217073,29.772548999999998
-4.975875388549564,29.63410019724551,-5.721951,29.952941
-5.170993953254033,29.54190158164179,-5.890244,30.133333
-5.400825859095399,29.54343644583202,-6.226829,30.313724999999998
-5.635536720789641,29.44310975790102,-6.226829,30.313724999999998
-5.932087676621979,29.46474024076079,-6.563415,30.494118
-6.159010920819725,29.56118347421868,-6.731707,30.494118
-6.401793606957504,29.619944638349775,-6.731707,30.674509999999998
-6.568860938965788,29.94991355224232,-7.068293,30.854902
-6.7848177643816605,30.07303125782059,-7.236585,31.035294
-7.067607841317763,30.3084351402507,-7.236585,31.035294
-7.26831745954199,30.55385789801219,-7.404878,31.215685999999998
-7.442855604811344,30.768884284032833,-7.573171,31.215685999999998
-7.594118264685104,30.862307944420415,-7.741463,31.576470999999998
-7.727313895985413,31.080171769085116,-7.741463,31.576470999999998
-7.864228652713992,31.20365915160014,-7.909756,31.756863
-7.986037966589022,31.358800854162567,-7.909756,32.117647
-8.07671532708681,31.57810111328132,-7.909756,32.117647
-8.15109068261255,31.827413842523775,-8.078049,32.478431
-8.22467800565411,32.07353504783985,-8.078049,32.658823999999996
-8.281022655269597,32.34864705719931,-8.078049,33.019608
-8.33607450121973,32.62008983449931,-8.078049,33.2
-8.389837606427525,32.88792318844567,-8.078049,33.560784
-8.442314729062916,33.15220277316305,-8.078049,33.741175999999996
-8.475954190441252,33.4438508140979,-8.078049,34.282353
-8.462259829411014,33.74141603526408,-8.078049,34.282353
-8.473746350988119,34.05516746907861,-8.078049,34.643136999999996
-8.492278777291968,34.284887763619416,-8.078049,34.823529
-8.490845167369281,34.54154285482987,-8.078049,35.545097999999996
-8.449576227880806,34.85341286295322,-8.078049,35.905882
-8.468238043653535,35.24533999813512,-7.909756,36.447058999999996
-8.410454436355312,35.78766410129596,-7.909756,36.627451
-8.391721606839752,36.30494156773912,-7.573171,36.988235
-8.277709327709449,36.714281230682765,-7.573171,36.988235
-8.189428473582394,36.97670833220063,-7.573171,36.988235
-8.076765885686727,37.065564636057275,-7.404878,37.168627
-7.985239444461287,37.127723089927755,-7.236585,37.349019999999996
-7.920464210089271,37.20597723289971,-7.236585,37.349019999999996
-7.811889310857012,37.335585036886556,-7.068293,37.529412
-7.648797417384722,37.43159858651529,-6.731707,37.709804
-7.538808132533333,37.55931038634755,-6.731707,37.890196
-7.383589781904487,37.73636998860526,-6.563415,38.070588
-7.173553634663049,37.87921354877736,-6.395122,38.070588
-6.9623917494677166,38.0202427717227,-6.058537,38.25098
-6.8032975051196,38.19158519850128,-5.890244,38.431373
-6.616373972262975,38.34491542885928,-5.721951,38.431373
-6.401830352592976,38.480396958215394,-5.553659,38.611765
-6.1598674915670575,38.598047215096564,-5.217073,38.792157
-5.917034207523493,38.713794086539636,-4.880488,38.792157
-5.6524041855757385,38.889576039704025,-4.712195,38.792157
-5.378865925558211,38.946151729983505,-4.543902,38.972549
-5.126399451411514,38.93936333760953,-4.039024,39.152941
-4.883011457468367,39.08649224417828,-3.702439,39.152941
-4.513901079474053,39.26425290784795,-3.534146,39.152941
-4.186305885381591,39.27974378415324,-3.197561,39.333332999999996
-3.8602526267222323,39.33093717306922,-2.860976,39.333332999999996
-3.5612404239039854,39.43457769978481,-2.692683,39.333332999999996
-3.3855321561394476,39.46849444406955,-2.52439,39.333332999999996
-3.1824902315185337,39.44651068720803,-2.187805,39.333332999999996
-2.980777480437059,39.461612693222655,-1.682927,39.513725
-2.603997763958592,39.544379045289816,-1.514634,39.513725
-2.226504730333412,39.62342657862284,-1.346341,39.694118
-1.8725445138168624,39.64101090000872,-1.178049,39.694118
-1.620900421659119,39.72711747606054,-1.009756,39.694118
-1.5452512371963536,39.748803299037235,-0.841463,39.694118
-1.495172864237075,39.78812429029628,-0.673171,39.694118
-1.3938437595652875,39.79166721050076,-0.504878,39.694118
-1.21627025493631,39.77855358048272,0.0,39.513725
-0.9374170721926998,39.7670679431129,0.168293,39.513725
-0.6586271281072111,39.75366861280831,0.168293,39.513725
-0.4048393784045601,39.64358274669833,0.841463,39.513725
-0.12659003178336015,39.70218838084881,1.009756,39.513725
0.20258339768684408,39.72076179543798,1.178049,39.513725
0.5566464931068698,39.64181553496853,1.346341,39.513725
0.8093103597945799,39.59960196118014,1.85122,39.333332999999996
0.9363171450661198,39.6539226598635,2.019512,39.333332999999996
1.1382576663942974,39.610875632077494,2.187805,39.152941
1.3382875905338683,39.45172330688219,2.52439,39.152941
1.6901287301955357,39.36146705094981,3.029268,38.972549
2.0934410987256324,39.34294362280878,3.197561,38.972549
2.468543576166181,39.22476242311415,3.534146,38.972549
2.793573679529577,39.145140743543685,3.702439,38.972549
3.0448266364524166,39.12728842433129,4.207317,38.792157
3.3218672148655983,39.125457097424444,4.37561,38.792157
3.62141596500504,39.06079207574642,4.543902,38.792157
3.868454375157828,38.95918277722355,4.712195,38.792157
4.092828098767328,38.91753432033343,5.04878,38.611765
4.269058314609236,38.919382825883844,5.217073,38.611765
4.46475861484528,38.81890763715423,5.385366,38.431373
4.659840635693563,38.717021004893724,5.721951,38.25098
4.854286105684714,38.61372907730073,5.890244,38.070588
5.092187590424501,38.421869757251955,6.058537,38.070588
5.331393830817348,38.26772410699062,6.395122,37.890196
5.602233882197755,38.21057067533777,6.563415,37.709804
5.789903743753797,38.059301243129426,6.731707,37.709804
6.025673091528915,37.89878759235714,6.9,37.529412
6.214824384494346,37.78540050282269,7.068293,37.349019999999996
6.327533322715915,37.66120227091831,7.236585,37.168627
6.484159036634885,37.48554193150353,7.404878,37.168627
6.719504671275082,37.360017378983876,7.573171,36.988235
6.856386496564532,37.24943450395119,7.573171,36.988235
6.9658169019153,37.1205048114997,7.909756,36.807843
7.1601702061434,37.08623138540069,7.909756,36.807843
7.273703648619511,36.99928170558218,7.909756,36.807843
7.365306856568569,36.938019733852,8.078049,36.627451
7.381369102538121,36.86806776099566,8.414634,36.266667
7.472548908367759,36.80627111313361,8.414634,36.266667
7.627210063217904,36.66429446303518,8.414634,36.086275
7.741513809195,36.414280594323344,8.582927,35.905882
7.839246616915892,36.233505664943976,8.582927,35.72549
7.928954061250103,36.00541250317225,8.75122,35.545097999999996
8.051012948957652,35.83900710109355,8.75122,35.364706
8.097209973867674,35.66263016256834,8.75122,35.184314
8.115050555895872,35.46611911536988,8.75122,34.823529
8.104438709591864,35.24872225646847,8.75122,34.643136999999996
8.084681928726443,34.98059119052971,8.75122,34.462745
8.098839757478462,34.77701691083723,8.75122,34.282353
8.130749725666199,34.54193311556252,8.75122,34.101961
8.169803867163449,34.35406388710771,8.75122,33.921569
8.180277370209662,34.14433244001394,8.75122,33.741175999999996
8.17132452558928,33.96273308425602,8.582927,33.380392
8.189068285415576,33.80028346013613,8.582927,33.380392
8.10571852501209,33.604213138846625,8.582927,33.2
8.049421630160651,33.42713947471158,8.582927,33.2
8.057386698228187,33.34398052752147,8.414634,33.019608
7.992707922524538,33.24827510214128,8.414634,32.658823999999996
7.91813818559913,33.0988068396577,8.246341,32.658823999999996
7.8334092394711945,32.894225881113066,8.078049,32.298039
7.731207160805134,32.71875885246122,8.078049,32.117647
7.618735965732602,32.48628462602516,8.078049,31.937255
7.566745587996833,32.209586757223036,7.909756,31.756863
7.4805995737346365,31.99408514204209,7.741463,31.576470999999998
7.377798929859871,31.80858674885937,7.741463,31.396078
7.302092089946216,31.645434414594234,7.573171,31.215685999999998
7.183181045660561,31.488828230711917,7.404878,31.035294
7.0645700288312785,31.330320432420613,7.236585,30.674509999999998
6.935397478225742,31.1108104122954,7.068293,30.674509999999998
6.84415463967451,30.973906000642984,7.068293,30.494118
6.726433589339598,30.809365634949106,7.068293,30.313724999999998
6.609069437459437,30.642826750611935,6.731707,30.133333
6.481120216731224,30.412877053535077,6.731707,30.133333
6.3754678217701795,30.303647616519356,6.395122,29.952941
6.228485388578381,30.200157729507886,5.890244,29.592157
6.040556504611079,30.101846313324074,5.721951,29.592157
5.88986497122583,30.093134967819424,5.553659,29.411765
5.713518176006584,30.055264976879478,5.553659,29.411765
5.537627925368437,30.016302278488368,5.217073,29.231372999999998
5.37804243962699,29.941450651957606,5.217073,29.231372999999998
5.234921021898563,29.83045708937533,4.880488,29.231372999999998
5.092486169522328,29.7180325512888,4.880488,29.231372999999998
4.893922269205223,29.64463186993727,4.543902,29.05098
4.721101089346172,29.599846140448143,4.37561,29.05098
4.548790655861266,29.55399686771983,4.37561,29.05098
4.336202916602549,29.511703569676186,4.207317,29.05098
4.189384523860573,29.494453250896786,4.039024,29.05098
4.018547675893599,29.445490400949783,4.039024,29.05098
3.831644320543324,29.43084332908317,3.870732,29.231372999999998
3.671297861494015,29.277346517122186,3.702439,29.231372999999998
3.5260847031726748,29.256880796330407,3.702439,29.231372999999998
3.334048335378986,29.17163426723052,3.534146,29.411765
3.1959812559447744,29.217412124411545,3.534146,29.411765
3.12135868062291,29.29162057991178,3.365854,29.592157
3.046384475226752,29.365497724726374,3.365854,29.772548999999998
2.994302807057654,29.471020677661954,3.365854,29.952941
2.9764213851962946,29.740629902737233,3.365854,29.952941
2.8820747153276134,29.84749385986902,3.197561,29.952941
2.8177295656241803,29.819040584942606,3.197561,30.133333
2.805085720830638,29.919375050180754,3.197561,30.313724999999998
2.7974446678603275,30.084599592752916,3.197561,30.313724999999998
2.761118647195902,30.15272284935199,3.197561,30.313724999999998
2.724618065358806,30.220623919656212,3.197561,30.313724999999998
2.706302623622621,30.25449131003824,3.197561,30.674509999999998
2.7762026822175354,30.346990187969965,3.197561,30.674509999999998
2.762767950862047,30.444958696236966,3.365854,31.035294
2.800921281167561,30.66686606731487,3.365854,31.035294
2.8813942524693203,30.88326833258612,3.365854,31.215685999999998
2.8960817680344384,31.07089622663687,3.365854,31.215685999999998
2.9197948857930225,31.10040721231494,3.365854,31.396078
2.9295323156041917,31.224381884550212,3.365854,31.576470999999998
2.934369800192476,31.286097398690107,3.534146,31.756863
2.9965662778653748,31.527864193490885,3.534146,31.756863
3.025339874347063,31.617342665149007,3.534146,31.937255
3.0589764877082697,31.766681132655037,3.534146,31.937255
3.0637638958148123,31.826789011110304,3.534146,31.937255
3.0637638958148123,31.826789011110304,3.534146,31.937255
3.0637638958148123,31.826789011110304,3.534146,31.937255
3.0637638958148123,31.826789011110304,3.534146,31.937255
3.0396946836662497,31.798461283836744,3.534146,31.937255
3.0637638958148123,31.826789011110304,3.534146,32.117647
3.111985199057269,31.883264177952775,3.534146,32.298039
3.121588987008465,32.0026026030295,3.534146,32.298039
3.087388308861023,32.124761012411575,3.534146,32.478431
3.1013142843976738,32.301517284522745,3.702439,32.658823999999996
3.1545407129772816,32.41497579266822,3.702439,32.658823999999996
3.1637676714747247,32.53130254233022,3.702439,32.658823999999996
3.1881629096883977,32.5584782303813,3.702439,32.658823999999996
3.1881629096883977,32.5584782303813,3.702439,32.839216
3.241676550130183,32.67031540825458,3.702439,33.019608
3.2463014396831333,32.727813311047065,3.702439,33.2
3.2846252869953076,32.92591866619905,3.534146,33.2
3.224410193706621,33.01661352168977,3.534146,33.380392
3.1681805459909427,33.163200699618535,3.534146,33.380392
3.107187392609756,33.25280848315722,3.534146,33.560784
3.11551755058413,33.36454326981427,3.365854,33.741175999999996
3.074517052156626,33.42374729721655,3.365854,33.741175999999996
3.012751155400302,33.51219518240726,3.365854,33.921569
2.979102998411218,33.6810120930154,3.365854,33.921569
2.94120506693036,33.793927506747934,3.365854,34.101961
2.9486458505742217,33.90281449865302,3.365854,34.282353
2.934950259045994,34.039788975000576,3.197561,34.282353
2.871560323532197,34.12557848099267,3.197561,34.282353
2.7831965026173453,34.18580637454833,3.197561,34.643136999999996
2.8146504756987714,34.31763057099465,3.197561,34.643136999999996
2.824689354657732,34.47655521725477,3.197561,34.643136999999996
2.760165961618732,34.560435318554426,3.029268,34.823529
2.7169906854816475,34.61612008177523,3.029268,35.003922
2.7232442237083063,34.72063729967655,3.029268,35.003922
2.6362372880514613,34.830884724743335,2.860976,35.003922
2.545890471575863,34.88874995201143,2.860976,35.184314
2.504799640710406,34.99484558574456,2.860976,35.184314
2.438669873749312,35.076190996008606,2.860976,35.364706
2.4661191721081277,35.151400370334365,2.692683,35.364706
2.399612425577283,35.23205045697138,2.692683,35.364706
2.283321898957155,35.264349311695256,2.52439,35.545097999999996
2.2139496443337876,35.29368636140229,2.52439,35.545097999999996
2.171479499373252,35.39733478641905,2.52439,35.545097999999996
2.079322163599823,35.452690048235944,2.356098,35.72549
2.0589195983970043,35.52914148189506,2.356098,35.72549
1.991044956931976,35.6076593116532,2.356098,35.72549
1.9456559032479994,35.65976850011033,2.356098,35.72549
1.9001564443828869,35.71168879635246,2.356098,35.72549
1.9001564443828869,35.71168879635246,2.356098,35.72549
1.9001564443828869,35.71168879635246,2.187805,35.72549
1.826163095466395,35.64049347589822,2.187805,35.72549
1.7559487083554988,35.66855830516204,2.019512,35.905882
1.7331120346785927,35.6944363030922,2.019512,35.905882
1.6627656907707102,35.7222703173615,2.019512,35.905882
1.5955254874260927,35.84870796708744,1.85122,35.905882
1.5233579382042617,35.8268511231446,1.85122,35.905882
1.4512548138117705,35.80482786777573,1.85122,36.086275
1.4555657524072583,35.952368187366154,1.85122,36.086275
1.4324122297809065,35.97769697834586,1.682927,36.086275
1.3614787772427537,36.0046288465049,1.682927,36.086275
1.2647320884737727,35.95884704195841,1.514634,36.086275
1.1937454776770267,35.98551734761985,1.514634,36.086275
1.1226839361403282,36.01202827880263,1.514634,36.086275
1.0759614332353191,36.06211970030548,1.514634,36.086275
1.0759614332353191,36.06211970030548,1.514634,36.086275
1.0759614332353191,36.06211970030548,1.346341,36.266667
1.0515479733119584,36.03837956021355,1.346341,36.266667
1.0291389073020962,36.112019734279755,1.346341,36.266667
0.9587195604068928,36.186510857276,1.178049,36.266667
0.8628614375522314,36.18868509421452,1.178049,36.266667
0.7426802457223154,36.16687408915662,1.009756,36.266667
0.6711325718196584,36.192346992092084,1.009756,36.266667
0.5995138825617552,36.21765850025994,0.841463,36.086275
0.5031197531378417,36.17059049761136,0.841463,36.086275
0.4069022285984776,36.12315243629652,0.673171,35.905882
0.3105627389955412,36.02654288950259,0.673171,35.905882
0.23854547421037964,35.95356947602879,0.504878,35.72549
0.11909667861949202,35.8803234622229,0.504878,35.72549
0.04756746564072856,35.80637962734512,0.504878,35.72549
-0.023771788324422616,35.78163339153299,0.336585,35.545097999999996
-0.0712433232209495,35.73193707573986,0.336585,35.545097999999996
-0.14226879734658304,35.65702428011901,0.336585,35.545097999999996
-0.16589500889982745,35.63195512072191,0.336585,35.364706
-0.26015206967992377,35.531187289465834,0.168293,35.364706
-0.2833563139655144,35.45545889286132,0.168293,35.184314
-0.3532548645053364,35.32823959522983,0.0,35.003922
-0.39949187558377197,35.22583109389801,0.0,35.003922
-0.4450232924952875,35.07131346301155,0.0,34.823529
-0.5375084393319742,34.96675864122042,0.0,34.823529
-0.5138508631012275,34.941127995061684,0.0,34.643136999999996
-0.5592933293391074,34.83637554102146,-0.168293,34.643136999999996
-0.5809238503717324,34.70506948574315,-0.168293,34.462745
-0.6487322046604227,34.57210305884969,-0.168293,34.282353
-0.7169594187281483,34.491333660222494,-0.336585,34.282353
-0.7378709058596016,34.35755063450061,-0.336585,34.101961
-0.80557072566668,34.275740922188106,-0.336585,33.921569
-0.8943148365040905,34.11183792862159,-0.504878,33.741175999999996
-0.9143756528051519,33.975342042355564,-0.504878,33.741175999999996
-1.001961560656147,33.80870744546678,-0.504878,33.560784
-1.0227460063608032,33.72540099558729,-0.504878,33.560784
-1.0214158277512198,33.67006098199583,-0.673171,33.380392
-1.0640044430174243,33.55771555443724,-0.673171,33.2
-1.1296530249683325,33.47205992265401,-0.841463,33.019608
-1.2367411519254041,33.271864767528555,-0.841463,32.839216
-1.3426532685973296,33.069461992616965,-0.841463,32.658823999999996
-1.4028435632677727,32.86645958015391,-0.841463,32.478431
-1.4411513918907612,32.69128407617727,-0.841463,32.478431
-1.3927641823287633,32.57636218889605,-1.009756,32.298039
-1.4117468088242067,32.487736495409344,-1.009756,32.117647
-1.4954975831929733,32.366770640658515,-1.009756,31.937255
-1.5555819631558414,32.21616221758637,-1.009756,31.937255
-1.5484556459097245,32.03713093791678,-1.009756,31.937255
-1.525474923722177,32.008001994989044,-1.178049,31.576470999999998
-1.5666066736068043,31.946165774150398,-1.178049,31.576470999999998
-1.6458221876449066,31.761240300170172,-1.178049,31.396078
-1.703938533442967,31.6061457019588,-1.178049,31.215685999999998
-1.7585739324910232,31.388207645415285,-1.346341,31.215685999999998
-1.795497807065873,31.262377361140256,-1.346341,31.035294
-1.8320852482707934,31.135793968012397,-1.346341,31.035294
-1.8518159273057897,31.103523480361257,-1.346341,30.854902
-1.8911584861897133,31.038818450778194,-1.514634,30.674509999999998
-1.9270382029866404,30.91087706899379,-1.514634,30.674509999999998
-1.9853822780234687,30.812807322057054,-1.514634,30.674509999999998
-2.024075743669167,30.747151307049002,-1.514634,30.494118
-2.0626060179718504,30.681273787355718,-1.514634,30.494118
-2.0781394589334496,30.584313308031597,-1.514634,30.313724999999998
-2.0744536626242542,30.52018135608042,-1.514634,30.133333
-2.089779757066518,30.422497775458446,-1.514634,29.952941
-2.097292935410234,30.194355142653826,-1.514634,29.952941
-2.048211493546683,30.065740671870238,-1.514634,29.772548999999998
-2.0817680203447892,29.93189985824719,-1.514634,29.772548999999998
-2.0592293516661613,29.8999610079647,-1.514634,29.592157
-2.0553373893357207,29.833727567823345,-1.514634,29.592157
-2.0514289372194323,29.767285919822676,-1.514634,29.411765
-2.0435622645461677,29.63377217980225,-1.514634,29.411765
-2.0435622645461677,29.63377217980225,-1.514634,29.411765
-2.0396038897693014,29.566697104255347,-1.514634,29.231372999999998
-2.053959509536888,29.464613030023806,-1.514634,29.231372999999998
-2.031636663260418,29.43190285517617,-1.514634,29.05098
-2.064050877198202,29.294112648208937,-1.514634,29.05098
-2.0417868350921538,29.261130199457178,-1.346341,29.05098
-1.9609660178868396,29.26528980615617,-1.346341,29.05098
-1.8801400902779157,29.26928101421268,-1.346341,28.870587999999998
-1.9310028421669543,29.095156545129367,-1.346341,28.870587999999998
-1.8869418774286686,29.028268496122447,-1.346341,28.870587999999998
-1.8649660468599478,28.99471691408604,-1.178049,28.870587999999998
-1.806680589809254,29.032073449782295,-1.009756,28.690196
-1.6679152139676,29.072815443934218,-1.009756,28.690196
-1.639380584719511,28.900677006200482,-1.009756,28.690196
-1.556197216664815,28.834337344187183,-1.009756,28.870587999999998
-1.4979189348819872,28.871519859259866,-0.841463,28.870587999999998
-1.4239218909299858,29.013323257956838,-0.841463,28.870587999999998
-1.3623691155864925,28.980849849410422,-0.841463,28.870587999999998
-1.3595570982153262,28.91143003524815,-0.673171,28.870587999999998
-1.3036174695505949,29.01753024465448,-0.673171,28.870587999999998
-1.2234105034314204,29.020128474644785,-0.673171,28.870587999999998
-1.1808706400469546,28.952034120551083,-0.673171,29.05098
-1.1620575722384032,28.987330464259685,-0.673171,29.05098
-1.1432005527622255,29.02256159703911,-0.673171,29.05098
-1.1432005527622255,29.02256159703911,-0.673171,29.05098
-1.1432005527622255,29.02256159703911,-0.673171,29.05098
-1.1644464919167117,29.05654967778927,-0.504878,29.231372999999998
-1.1076062595611837,29.161713399466446,-0.504878,29.231372999999998
-1.0482609770952944,29.19774423823631,-0.504878,29.231372999999998
-0.9887898180772989,29.23363211570709,-0.504878,29.231372999999998
-1.0079486678750076,29.198807727524038,-0.504878,29.231372999999998
-0.9887898180772989,29.23363211570709,-0.504878,29.231372999999998
-0.9887898180772989,29.23363211570709,-0.504878,29.411765
-0.9503435209153999,29.303088104275005,-0.336585,29.592157
-0.872940289696313,29.441232705531583,-0.336585,29.772548999999998
-0.7948633037758377,29.578361093389905,-0.336585,29.772548999999998
-0.8160382217559494,29.611650847041318,-0.336585,29.772548999999998
-0.7979565056602986,29.71288801329281,-0.168293,29.952941
-0.7387057905408874,29.814441353105238,-0.168293,30.133333
-0.6790874568220158,29.915436609831545,-0.168293,30.133333
-0.6603761209804127,30.015197187818394,-0.168293,30.313724999999998
-0.6214200427519412,30.147701200225786,-0.168293,30.313724999999998
-0.6225702464811373,30.213306740990298,-0.168293,30.494118
-0.5821367156606101,30.279355089907725,-0.168293,30.494118
-0.6248560918019166,30.343911079869773,-0.168293,30.674509999999998
-0.6067646021128503,30.506374634289735,-0.168293,30.854902
-0.5874143500716915,30.60338577834262,-0.168293,30.854902
-0.6315984731906408,30.730960932143482,-0.168293,31.035294
-0.6121500631201275,30.826966860506598,-0.168293,31.035294
-0.6349057460714427,30.92186557880713,-0.168293,31.035294
-0.614272375774835,30.95385707710414,-0.168293,31.035294
-0.6359988079888339,30.985119786386086,-0.168293,31.215685999999998
-0.5946171938868279,31.048858769087587,-0.168293,31.396078
-0.5956287301752603,31.111739137963394,-0.168293,31.396078
-0.640324634699768,31.23626143707053,-0.168293,31.576470999999998
-0.6215591730615948,31.39207046672146,-0.168293,31.576470999999998
-0.6655161018297449,31.453225016083657,-0.168293,31.576470999999998
-0.6445768388432089,31.484450900377713,-0.168293,31.576470999999998
-0.6666051361917749,31.51490741193492,-0.168293,31.576470999999998
-0.6666051361917749,31.51490741193492,-0.168293,31.576470999999998
-0.6886671496377748,31.54530583636863,-0.168293,31.756863
-0.6246155787410093,31.577125178184534,-0.168293,31.937255
-0.6055085129671305,31.730445741821992,-0.168293,31.937255
-0.6286294729669102,31.821357687642738,-0.168293,31.937255
-0.6286294729669102,31.821357687642738,-0.168293,31.937255
-0.6074336547473145,31.8520322473418,-0.168293,31.937255
-0.6296220676172126,31.881973902253627,-0.336585,32.117647
-0.6508188224582874,31.85133112966441,-0.336585,32.117647
-0.6952962265447198,31.911106996167806,-0.336585,32.117647
-0.7622573313007415,32.00034406453549,-0.336585,32.117647
-0.7846425626069369,32.02997617182048,-0.504878,32.117647
-0.849362476932713,31.998541992980787,-0.504878,32.117647
-0.9364643857332258,31.99654507874888,-0.504878,32.117647
-0.9815337873965166,32.05554637226915,-0.673171,32.117647
-1.0025661024555692,32.024976763132656,-0.673171,32.117647
-1.110657163278388,31.991966691872026,-0.841463,32.117647
-1.1768879365366747,32.02009914054161,-1.009756,31.937255
-1.3055874471094242,31.9557966361718,-1.009756,31.937255
-1.4132482197762055,31.921871055245663,-1.009756,31.937255
-1.5001855960324786,31.918616792511134,-1.009756,31.937255
-1.4796057822688855,31.94957069267075,-1.178049,31.937255
-1.5207285705782088,31.887609694819304,-1.178049,31.756863
-1.6254627125323502,31.792482058456596,-1.346341,31.756863
-1.7296491737546642,31.69669767178482,-1.346341,31.756863
-1.7756900527872492,31.755525964170484,-1.346341,31.756863
-1.7959067440707113,31.724167059583248,-1.514634,31.756863
-1.8593012884200277,31.69071156898534,-1.514634,31.756863
-1.925654265340043,31.71795525441901,-1.514634,31.756863
-1.9921027707714938,31.745037025690536,-1.682927,31.576470999999998
-2.0521107681151705,31.65048714200419,-1.682927,31.576470999999998
-2.115172555362312,31.616539755873635,-1.682927,31.576470999999998
-2.201438447451057,31.611745305660875,-1.682927,31.576470999999998
-2.1816188564162786,31.643428882328905,-1.85122,31.396078
-2.2409610851797517,31.54822039902036,-1.85122,31.396078
-2.3233148844261535,31.481935167096974,-1.85122,31.396078
-2.3663000885767076,31.479337716704016,-2.019512,31.396078
-2.4053659509903795,31.415311945376576,-2.019512,31.396078
-2.4248394575978054,31.383220130595504,-2.187805,31.396078
-2.510587706061889,31.377764107878672,-2.356098,31.576470999999998
-2.619899613050185,31.401412922881917,-2.356098,31.576470999999998
-2.7530650189324284,31.453813135270558,-2.356098,31.576470999999998
-2.800550131981783,31.511861737672596,-2.52439,31.576470999999998
-2.8866043020852636,31.50554993035562,-2.52439,31.756863
-2.91512227196257,31.595259680996705,-2.692683,31.937255
-2.9436968498087417,31.68454777339737,-2.692683,31.937255
-3.058976487708275,31.766681132655034,-2.692683,31.937255
-3.087860773565396,31.855056619323143,-2.692683,32.117647
-3.0780009041480216,32.00608263014951,-2.692683,32.117647
-3.121588987008467,32.002602603029516,-2.692683,32.117647
-3.145786230481443,32.03056996977574,-2.860976,32.298039
-3.170010504324397,32.05847779595834,-2.860976,32.478431
-3.1601011671806436,32.20803845747317,-2.860976,32.478431
-3.257423603155784,32.318249250633514,-2.860976,32.478431
-3.3062421174752057,32.37300181968037,-2.860976,32.478431
-3.3306902877461493,32.40029010445746,-2.860976,32.478431
-3.3111013681304016,32.431296171125,-2.860976,32.658823999999996
-3.2718086290856796,32.49316214966291,-2.860976,32.839216
-3.2615027223946935,32.63965743848959,-2.860976,33.019608
-3.230957820753968,32.815607478915496,-2.860976,33.2
-3.244518710125279,32.98642992908957,-3.029268,33.380392
-3.278086789000845,33.12581661372432,-3.029268,33.380392
-3.372298280314798,33.174397861241,-3.029268,33.380392
-3.451181025372133,33.30832855426293,-3.029268,33.560784
-3.4355070649687764,33.39372876537199,-3.029268,33.560784
-3.4648923643687866,33.47480771583253,-3.029268,33.560784
-3.4897706858488675,33.50041053845472,-3.029268,33.741175999999996
-3.4286093173671777,33.589016602840246,-3.029268,33.921569
-3.437438150960025,33.69864056205297,-3.029268,33.921569
-3.49172681265563,33.80363153334403,-3.029268,33.921569
-3.4961231088783613,33.85790514015188,-3.029268,33.921569
-3.4961231088783613,33.85790514015188,-3.029268,33.921569
-3.4961231088783613,33.85790514015188,-3.029268,34.101961
-3.4591347175585376,33.97005313047951,-3.029268,34.101961
-3.4634097255184315,34.02388544653954,-3.029268,34.282353
-3.426008080191801,34.135125715055466,-3.029268,34.282353
-3.476106252584712,34.18448984767254,-3.029268,34.462745
-3.438411026897299,34.294866123998325,-3.029268,34.643136999999996
-3.4255059855715366,34.42898450150726,-3.029268,34.823529
-3.4162673541627573,34.61442612054958,-3.029268,35.003922
-3.3851994157178584,34.82591697929981,-3.029268,35.003922
-3.4394297111190095,34.92478168247803,-3.029268,35.184314
-3.4254477858328514,35.054605898266146,-3.029268,35.184314
-3.4760294580933877,35.10139935007244,-3.029268,35.364706
-3.4365152627048072,35.20680063389325,-3.029268,35.545097999999996
-3.4220461025651367,35.33469498158453,-3.029268,35.545097999999996
-3.4763624880147983,35.43066303620397,-3.029268,35.72549
-3.439694857056626,35.58380928209091,-3.029268,35.72549
-3.4431624376324184,35.63321501928294,-3.029268,35.905882
-3.4279870345680283,35.75817242769361,-3.029268,36.086275
-3.4380398032552133,35.90453771418323,-3.029268,36.086275
-3.44463809467322,36.00142960235707,-3.029268,36.086275
-3.47015424237739,36.023502481399476,-3.029268,36.086275
-3.495686585607638,36.04552399389918,-3.029268,36.447058999999996
-3.406505685070867,36.14984663766447,-3.029268,36.447058999999996
-3.4159282231330987,36.292958792130094,-3.029268,36.447058999999996
-3.4701991298379564,36.38356141623002,-3.029268,36.447058999999996
-3.4733002561471196,36.430720378115694,-3.197561,36.627451
-3.476380408089053,36.47774511547834,-3.197561,36.807843
-3.482477679531975,36.57139281614312,-3.197561,36.807843
-3.5625196503506373,36.681343172698845,-3.197561,36.988235
-3.548765255143426,36.844894393262734,-3.197561,36.988235
-3.6259858461170538,36.90709059336118,-3.197561,37.168627
-3.6118923792534368,37.06835453212446,-3.197561,37.168627
-3.6634795718339426,37.10912068723405,-3.197561,37.349019999999996
-3.5973934623582,37.228014385235525,-3.197561,37.529412
-3.582492897012324,37.386077179551464,-3.197561,37.529412
-3.610993321669344,37.450224987118204,-3.197561,37.529412
-3.6626902817553333,37.48987299093415,-3.197561,37.709804
-3.569768273483607,37.58634767622431,-3.365854,37.890196
-3.5981739727189606,37.6496294231902,-3.365854,37.890196
-3.6783517115698654,37.75144481066873,-3.365854,37.890196
-3.782012934465417,37.82854394494757,-3.365854,37.890196
-3.807952142185778,37.84769548537717,-3.365854,38.070588
-3.7636515342118617,37.93779540948948,-3.365854,38.070588
-3.8180322635068062,38.01818047399156,-3.534146,38.070588
-3.890938078784737,37.98995576595628,-3.534146,38.070588
-3.942913236383095,38.027551684022484,-3.534146,38.070588
-3.9689133001056636,38.046275985310785,-3.534146,38.25098
-3.9268684961471187,38.177190089527315,-3.534146,38.25098
-3.9528729982946142,38.19570074365732,-3.702439,38.431373
-3.9577034881315623,38.2790148734984,-3.702439,38.431373
-4.009744566765537,38.31562808722447,-3.702439,38.431373
-4.087858050169453,38.37018196290068,-3.702439,38.431373
-4.139966659955411,38.40630743662932,-3.870732,38.431373
-4.2133125452465485,38.378119372981416,-4.039024,38.431373
-4.310162481639253,38.326541927847586,-4.039024,38.431373
-4.435585708684684,38.33382443720846,-4.207317,38.431373
-4.537527119151131,38.363993002815846,-4.207317,38.431373
-4.613358726386432,38.376127369982214,-4.207317,38.431373
-4.6657029398483925,38.41137419892969,-4.37561,38.431373
-4.712695772263126,38.364755640153206,-4.543902,38.431373
-4.81200642969641,38.35314132592641,-4.543902,38.25098
-4.9609217163068635,38.335265101084076,-4.543902,38.25098
-4.981392463347774,38.270692527813736,-4.712195,38.25098
-5.077550026922779,38.217254221267495,-4.712195,38.25098
-5.103826044508411,38.2347531230196,-4.712195,38.25098
-5.153372397309596,38.2285018095518,-4.880488,38.25098
-5.202911554261865,38.22218999731394,-4.880488,38.25098
-5.278756208346017,38.233168812216086,-5.04878,38.070588
-5.374654150957429,38.179036711164656,-5.217073,38.070588
-5.4934480627010345,38.10054802524406,-5.385366,37.890196
-5.661261093612566,38.014579766519745,-5.385366,37.890196
-5.8285851246244444,37.92765680776277,-5.553659,37.709804
-5.923444881724244,37.871586797301816,-5.553659,37.709804
-6.036916984035395,37.748479121157104,-5.553659,37.709804
-6.033008292614053,37.706303722658944,-5.721951,37.709804
-6.104676088057625,37.674101156122816,-5.890244,37.529412
-6.1987521835802735,37.61679621832593,-5.890244,37.529412
-6.319222797243668,37.57656236149886,-6.058537,37.529412
-6.412923912477996,37.51858696528234,-6.226829,37.529412
-6.53307409492785,37.477632576735786,-6.395122,37.529412
-6.6575570780794475,37.47887178303682,-6.395122,37.529412
-6.7820528709000225,37.479687426916755,-6.563415,37.529412
-6.906559646320948,37.48007926540771,-6.731707,37.529412
-7.004319301690781,37.463162997106025,-6.9,37.529412
-7.150886351907657,37.437341155815965,-7.068293,37.529412
-7.324186074624272,37.42766275427055,-7.236585,37.709804
-7.458316113437222,37.5103157804001,-7.404878,37.709804
-7.565640276459574,37.57554258297189,-7.404878,37.890196
-7.655491760312842,37.70657008699294,-7.573171,37.890196
-7.789556150345314,37.78559856579719,-7.573171,37.890196
-7.945861806837904,37.838264339974415,-7.573171,37.890196
-7.999485274374738,37.86907013907688,-7.741463,38.070588
-8.00845734117926,37.94978405438597,-7.741463,38.25098
-7.972312063439951,38.07973374277683,-7.909756,38.431373
-8.042287327557968,38.26785716625342,-7.909756,38.792157
-8.080746869377158,38.399678039328734,-7.909756,38.972549
-8.12227879689028,38.5683987580847,-8.078049,39.152941
-8.116550313032903,38.78241828941172,-8.078049,39.333332999999996
-8.109056388496732,38.992906001976586,-8.078049,39.333332999999996
-8.14687933434535,39.1534297707122,-8.078049,39.513725
-8.207292310869013,39.28851344002758,-8.078049,39.694118
-8.195415074490054,39.49008516493123,-7.909756,39.87451
-8.205734434025278,39.66572434040461,-7.909756,39.87451
-8.212911220773291,39.80416678927152,-7.909756,39.87451
-8.291968325888316,39.87451257387062,-7.741463,40.054902
-8.294908285699263,39.94246619906252,-7.573171,40.235293999999996
-8.198677511099898,40.06386816178951,-7.573171,40.415686
-8.127317369381874,40.19560286009055,-7.404878,40.415686
-8.030378064111355,40.347132899400364,-7.404878,40.596078
-7.95718527389686,40.47559409013671,-7.236585,40.776471
-7.832629440453145,40.58028219169347,-7.068293,40.956863
-7.732888663772695,40.72657081958481,-7.068293,40.956863
-7.657117745711584,40.881618938482035,-6.9,40.956863
-7.55513763132711,41.02362195807435,-6.731707,41.317647
-7.403707243240071,41.08182884063608,-6.563415,41.317647
-7.276361766435803,41.180281549816826,-6.563415,41.317647
-7.123013411868506,41.29696490443207,-6.395122,41.498039
-6.969109435717169,41.41205064731727,-6.226829,41.678431
-6.84045241942964,41.506731365764004,-6.058537,41.678431
-6.735975514504865,41.610593093458796,-6.058537,41.678431
-6.656930831628118,41.69478981415746,-5.721951,41.678431
-6.530284622386473,41.72940749750334,-5.553659,41.678431
-6.328707422916558,41.761149177824144,-5.553659,41.678431
-6.155476461050366,41.716489807396144,-5.385366,41.678431
-6.004000408801634,41.73899972902744,-5.217073,41.678431
-5.904127238314876,41.72485353252745,-5.217073,41.678431
-5.804120768524372,41.71034745875491,-5.04878,41.678431
-5.678191667681164,41.71354035413077,-4.880488,41.678431
-5.526377149725313,41.73428109345222,-4.712195,41.498039
-5.477590102201532,41.68271232716157,-4.543902,41.317647
-5.481302262898071,41.53478725828495,-4.37561,41.317647
-5.305214512370101,41.483025083905765,-4.039024,40.956863
-5.180024903091656,41.36226753571246,-3.870732,40.956863
-4.952261514469344,41.21980839895249,-3.702439,40.776471
-4.646469690826947,41.03304913067632,-3.702439,40.776471
-4.415753811348788,40.87945121849073,-3.534146,40.596078
-4.286917262339655,40.77723144052342,-3.365854,40.415686
-4.233672871556067,40.64853972342031,-3.365854,40.415686
-4.078347197226531,40.528021663006854,-3.197561,40.415686
-3.8492508066671487,40.532853267955986,-3.029268,40.235293999999996
-3.8211005854896545,40.414508005640585,-2.860976,40.054902
-3.741870178826737,40.29929426016142,-2.860976,40.054902
-3.6116811194179537,40.186908813885,-2.860976,40.054902
-3.457520414602728,40.12858514527629,-2.52439,39.87451
-3.3550865685682147,40.10109113098136,-2.52439,39.87451
-3.2258375219584483,40.020989820607724,-2.52439,39.87451
-3.1224531069694503,39.95606201786488,-2.356098,39.694118
-3.069743782956161,39.88664348036876,-2.187805,39.694118
-2.941594099186286,39.840624203560694,-2.187805,39.694118
-2.864118705655393,39.79044306256158,-2.187805,39.694118
-2.7360763061004203,39.743223808854104,-2.187805,39.694118
-2.710274398598248,39.72622854842322,-1.85122,39.694118
-2.6358406135253194,39.787052774858196,-1.682927,39.694118
-2.4590822639924212,39.81656687106249,-1.682927,39.694118
-2.2805569328888815,39.770913411731854,-1.682927,39.694118
-2.17847838716032,39.739004637901175,-1.346341,39.694118
-2.1535734940358875,39.75903789165834,-1.346341,39.694118
-2.0016760121233492,39.76668190319771,-1.178049,39.694118
-1.7991055880960474,39.7760043419889,-1.178049,39.87451
-1.6477597817306346,39.81967405935321,-1.009756,39.87451
-1.5218915065635112,39.88029919048247,-1.009756,39.87451
-1.5218915065635112,39.88029919048247,-0.841463,40.054902
-1.447083622191565,39.975358764049005,-0.673171,40.054902
-1.3212785683341046,40.071165359711436,-0.673171,40.235293999999996
-1.1695986455989313,40.14844884108895,-0.673171,40.235293999999996
-1.0426549789015098,40.16994274492745,-0.504878,40.235293999999996
-1.0176833532318312,40.22468476017386,-0.504878,40.235293999999996
-1.0429670090257268,40.20604630221804,-0.504878,40.235293999999996
-1.0176833532318312,40.22468476017386,-0.504878,40.235293999999996
-1.0176833532318312,40.22468476017386,-0.504878,40.235293999999996
-1.0176833532318312,40.22468476017386,-0.504878,40.235293999999996
-1.0176833532318312,40.22468476017386,-0.504878,40.596078
-0.9670873438270302,40.26182319853963,-0.504878,40.776471
-0.891827042827634,40.42365341061806,-0.504878,40.776471
-0.8420330816366324,40.63434517301326,-0.504878,40.956863
-0.8172210054065125,40.78918493701063,-0.504878,41.137254999999996
-0.7923505913220019,40.97495119025572,-0.504878,41.317647
-0.7927175475283423,41.107382248626536,-0.504878,41.678431
-0.7930354081362374,41.27019088301238,-0.504878,42
-0.8187840338829924,41.44528878629993,-0.504878,42
-0.7675945133204527,41.60272949112576,-0.504878,42
-0.7674100416863041,41.75618199153292,-0.504878,42
-0.7926681681967978,41.89124012560552,-0.504878,42
-0.8692155332590783,41.93434252832227,-0.504878,42
-0.9202202172914902,41.96284908325896,-0.504878,42
-0.9457139251815132,41.97703388533278,-0.504878,42
-0.9457139251815132,41.97703388533278,-0.504878,42
-0.9457139251815132,41.97703388533278,-0.336585,42
-0.8944765841805022,42.00760007619436,-0.336585,42
-0.9200946782388666,41.99233985093559,-0.336585,42
-0.8944765841805022,42.00760007619436,-0.336585,42
-0.8689862848122978,41.99344358716966,-0.168293,42
-0.8432445689483004,42.037983324016984,-0.168293,42
-0.7921454984185328,42.03899230299264,0.0,42
-0.6898338001301729,42.070012241807916,0.168293,42
-0.5366330236678483,42.04309136592683,0.168293,42
-0.434486737843085,42.01497918189756,0.336585,42
-0.3066767826497667,42.03079245178017,0.336585,42
-0.2556018999915963,42.00176923171214,0.336585,42
-0.23002552982860713,42.016619043541766,0.504878,42
-0.15333947855670704,42.03164387749817,0.504878,42
-0.07667553882751132,42.017186693072446,0.673171,42
0.05111326690011442,42.03189615292405,0.841463,42
0.1533394785567168,42.03164387749817,0.841463,42
0.25560189999160166,42.001769231712146,0.841463,42
0.25560189999160166,42.001769231712146,0.841463,42
0.2811415763851013,42.01630368382814,1.009756,42
0.35778835830382594,42.030382508179514,1.178049,42
0.46000973784539045,42.02937342209742,1.178049,42
0.5623100209404566,41.99874165926333,1.178049,42
0.6134254131280983,41.99801631445315,1.178049,42
0.6134254131280983,41.99801631445315,1.346341,42
0.6900472502305943,42.011510316149476,1.346341,42
0.7667654757430329,41.99546187338173,1.346341,42
0.7667654757430329,41.99546187338173,1.346341,42
0.7667654757430329,41.99546187338173,1.346341,42
0.7667654757430329,41.99546187338173,1.346341,42
0.7667654757430329,41.99546187338173,1.346341,41.858824
0.7668700702554512,41.96597140543979,1.514634,41.858824
0.8180922718544386,41.935383392373524,1.514634,41.498039
0.8950264116375504,41.859248168230565,1.514634,41.498039
0.8953230376174286,41.738408461710435,1.514634,41.137254999999996
0.8699456043978726,41.56965881134296,1.514634,40.956863
0.9210727613936163,41.3797147864431,1.514634,40.776471
0.9208332663231014,41.21902683265134,1.514634,40.596078
0.9459181326279067,41.038198040794114,1.682927,40.235293999999996
0.9705891640668174,40.819843528937355,1.682927,40.054902
0.9690668594510621,40.54475334950877,1.682927,40.054902
0.9926727464445033,40.279134744871676,1.682927,39.87451
1.0420087368781799,40.09736557097463,1.682927,39.513725
1.065443056452902,39.894583340341924,1.682927,39.333332999999996
1.0885543190344507,39.68803878785057,1.682927,39.152941
1.1118082772958893,39.51611539017917,1.682927,38.972549
1.1088323160090283,39.28384689413747,1.682927,38.792157
1.1061500503521504,39.086837661500994,1.682927,38.611765
1.1280525997806343,38.86580434485404,1.682927,38.431373
1.100244832283435,38.68334486803687,1.682927,38.25098
1.1468796147336935,38.47546508071369,1.682927,37.890196
1.118839057931316,38.28756015567777,1.682927,37.709804
1.0900704696457648,38.05418515074411,1.682927,37.529412
1.08633629269581,37.838017249992056,1.682927,37.168627
1.0824338295675329,37.61859344616721,1.682927,36.988235
1.127370025197557,37.39456109961316,1.682927,36.807843
1.1468875095873265,37.145104148650844,1.682927,36.627451
1.1659767380382142,36.89161892406943,1.682927,36.086275
1.1362857463742078,36.635464215368756,1.682927,35.905882
1.106620578736047,36.37519220083118,1.682927,35.72549
1.10039597337056,36.0858100744896,1.682927,35.364706
1.117146555936369,35.76604419164816,1.682927,35.003922
1.1102789715909367,35.46624476139007,1.85122,35.003922
1.1501016456520166,35.16001746370893,1.85122,34.643136999999996
1.2625338095600807,34.97624387814915,1.85122,34.462745
1.2102904772764553,34.769566489180605,1.85122,34.101961
1.2032544345005185,34.5061055222896,1.85122,34.101961
1.2657885637155637,34.263674838932445,1.85122,33.741175999999996
1.2848433649139057,34.128147713863,1.85122,33.560784
1.2091780759717352,33.88531599473418,2.019512,33.380392
1.271859270740073,33.690465955724505,2.019512,33.2
1.4025481219686604,33.519184532647586,2.019512,32.658823999999996
1.3697434439086287,33.21080926762944,2.187805,32.478431
1.4494138035232158,32.92236211227937,2.187805,32.117647
1.499948004422448,32.48444568919717,2.187805,31.937255
1.5532170158607155,32.156656100126355,2.356098,31.756863
1.6561721124833984,32.00266042435393,2.356098,31.396078
1.7351435949949785,31.818084600248028,2.52439,31.396078
1.8563292817811483,31.629771544695664,2.52439,31.396078
1.9594466074861874,31.532749438391164,2.52439,31.215685999999998
1.9729058403272912,31.377907523224152,2.52439,31.215685999999998
1.9729058403272912,31.377907523224152,2.52439,31.035294
1.9663955607127654,31.254094724723558,2.692683,31.035294
2.0714677195838345,31.217477167113476,2.692683,31.035294
2.1337054672400892,31.18290734269271,2.860976,30.854902
2.19582856362174,31.14819726417594,2.860976,30.854902
2.254031494033514,31.05085196774779,2.860976,30.854902
2.3158084803425005,31.015782450499696,3.029268,30.854902
2.3774691428440438,30.98057413545777,3.365854,30.674509999999998
2.5982973685452695,31.09201866498397,3.365854,30.674509999999998
2.7638129939492977,31.017841753132036,3.534146,30.674509999999998
2.8813942524693203,30.88326833258612,3.534146,30.674509999999998
3.003182088750176,30.810726057200007,3.870732,30.674509999999998
3.0876530706579093,30.804075706127914,3.870732,30.674509999999998
3.286096877667175,30.882576731999002,4.039024,30.674509999999998
3.4553870663617356,30.867813261696202,4.039024,30.674509999999998
3.5339754351790216,30.797511576833948,4.37561,30.494118
3.600407046152279,30.822996505646124,4.37561,30.494118
3.727203818681801,30.810965534295768,4.543902,30.494118
3.9140001666579494,30.76085103450027,4.712195,30.494118
4.107416487222769,30.772359208685522,4.880488,30.494118
4.293752076845935,30.720425214940825,5.04878,30.494118
4.4873412712225935,30.72997937656426,5.217073,30.494118
4.606045099854196,30.652655822327578,5.217073,30.494118
4.707282221650551,30.608678863708118,5.553659,30.313724999999998
4.816565448072481,30.6268641158791,5.721951,30.313724999999998
4.9765590222969,30.701365805923622,5.890244,30.313724999999998
5.229586998724315,30.667736666411706,6.058537,30.313724999999998
5.473156725173645,30.570525358655562,6.395122,30.133333
5.709254815381721,30.56769539771215,6.563415,30.133333
5.8935077365577,30.508117134091872,6.731707,30.133333
6.108845215860491,30.37909776059531,6.9,30.133333
6.318160593660362,30.3450162951058,7.068293,29.952941
6.4590694220543305,30.289571109405443,7.236585,29.952941
6.626204677771515,30.260858011012488,7.404878,29.952941
6.781597324849853,30.16966736277763,7.573171,29.952941
7.00191607087365,30.193520311834213,7.741463,29.952941
7.168740562440153,30.16237622846224,7.741463,29.952941
7.239707995695184,30.085070782690973,7.909756,29.952941
7.322919941661608,30.069082660847727,7.909756,29.952941
7.391641922863446,30.08767120380972,8.246341,29.952941
7.516484664235085,30.063087909127596,8.246341,29.952941
7.668596777337514,30.06444522507887,8.414634,29.952941
7.82084906866659,30.065088078045324,8.75122,30.133333
8.000802828983394,30.090945143328476,8.919512,30.133333
8.250552260138951,30.132145303093736,9.087805,30.313724999999998
8.459253341745537,30.1804781680585,9.087805,30.313724999999998
8.598718498681603,30.21173793688299,9.256098,30.494118
8.682697660071728,30.286452566947286,9.42439,30.674509999999998
8.780912453637807,30.419478605453605,9.592683,30.674509999999998
8.949563425691512,30.565305083527885,9.760976,31.035294
9.13278469511104,30.76637294507225,9.929268,31.215685999999998
9.359101274609333,30.953212651697925,10,31.396078
9.51437024103474,31.21378190463274,10,31.576470999999998
9.555626593998458,31.38113913179465,10,31.756863
9.582827577175102,31.49196961888439,10,31.756863
9.553048440780952,31.558168812440854,9.929268,32.298039
9.593043641468014,31.72295459650049,9.929268,32.658823999999996
9.660852348481889,31.90797723796782,9.760976,32.839216
9.583789040377013,32.07093901475286,9.592683,33.019608
9.489822541671597,32.26529629707059,9.592683,33.2
9.434468507444961,32.53248254196052,9.42439,33.2
9.325172045877466,32.67103346393182,9.42439,33.2
9.114342959011115,32.77758811205427,9.087805,33.380392
8.975204692038204,32.89355913152549,8.919512,33.380392
8.779612065197064,32.96654278631851,8.582927,33.380392
8.500467738909379,32.97432445736037,8.582927,33.380392
8.287016814872914,33.07617715677984,8.246341,33.380392
8.10760231616054,33.114451465874694,8.078049,33.380392
7.892924069707963,33.214046019866444,7.741463,33.380392
7.640697184906248,33.23742208046771,7.404878,33.2
7.442758432484119,33.30354395044063,7.236585,33.019608
7.2624505737816225,33.33785424565351,7.068293,32.839216
7.118258347756427,33.309779224070724,6.9,32.839216
6.965483004608338,33.227390550576374,6.563415,32.658823999999996
6.795033509197607,33.17467772071795,6.395122,32.478431
6.651699030646569,33.1440529082296,6.226829,32.478431
6.4819618907619425,33.089284018441255,6.226829,32.298039
6.304342861116385,32.978597302510025,6.058537,32.117647
6.198422993549631,32.88300740449972,5.890244,32.117647
6.06642334430968,32.762195971138155,5.721951,32.117647
5.934882104481062,32.639906371885886,5.553659,31.937255
5.767644856495849,32.57913581024598,5.217073,31.937255
5.574858439921524,32.49209529076002,5.217073,31.756863
5.452804680715918,32.42260077743102,5.04878,31.756863
5.2430446852178605,32.36435995392475,4.880488,31.756863
5.103566697521007,32.324652195560404,4.712195,31.576470999999998
4.9204425523288435,32.28985573522351,4.543902,31.576470999999998
4.730760125850676,32.195989311336035,4.37561,31.576470999999998
4.567155911404933,32.127078061682255,4.207317,31.576470999999998
4.404101786406041,32.05704370564629,3.702439,31.396078
4.198012256567614,31.99064147601585,3.702439,31.396078
3.998746816159702,31.98188250088004,3.534146,31.396078
3.780783296193672,32.0037632021648,3.365854,31.396078
3.581807821773859,31.99277151045732,3.197561,31.576470999999998
3.402227125231523,31.94904829878294,3.197561,31.576470999999998
3.2038317486680263,31.935931208646025,3.029268,31.756863
3.0056679760376994,31.921734704181908,2.692683,32.117647
2.8077413263718842,31.906462878834542,2.692683,32.117647
2.5863155191848595,31.86153452948576,2.356098,32.117647
2.3257600806799115,31.878005546912263,2.356098,32.117647
2.1319523226793446,31.919288621593775,2.019512,32.298039
1.934780511724476,31.899429805681365,2.019512,32.478431
1.7896158108073497,32.05678492563882,1.85122,32.658823999999996
1.7075793783785986,32.18001685294819,1.514634,32.839216
1.578677513081848,32.244969745471806,1.514634,33.019608
1.4284736929077457,32.33971720826707,1.346341,33.019608
1.3445972965109778,32.460710249878225,1.346341,33.380392
1.24076552588593,32.66905552719622,1.178049,33.741175999999996
1.2264906514431928,32.929985910663234,1.009756,33.921569
1.1220307865427035,33.190307296396725,1.009756,34.101961
1.017386640532136,33.50310854123268,0.841463,34.462745
0.8875476978724919,33.78390181480642,0.841463,34.643136999999996
0.8239857491204745,34.03186286681634,0.841463,34.823529
0.760466855044065,34.33033069224479,0.673171,35.003922
0.6471962969823366,34.46593096598121,0.673171,35.003922
0.510324286426318,34.627003966847845,0.504878,35.364706
0.46554889116374554,34.78529809238627,0.336585,35.545097999999996
0.35015990150789733,34.91692840890036,0.336585,35.72549
0.3284569666071402,35.14962551539112,0.336585,35.72549
0.2117268264137504,35.278328820144054,0.0,35.905882
0.07080221482364912,35.43114123598941,0.0,36.086275
1.7763568394002505e-15,35.55715388058216,0.0,36.086275
-0.11861803612360866,35.682044324360916,-0.168293,36.086275
-0.26148804994414654,35.78078614112762,-0.504878,36.266667
-0.4991962033575863,35.77852681304928,-0.504878,36.266667
-0.6672455872231673,35.89957131216972,-0.673171,36.266667
-0.811803933546484,35.99507259170597,-1.009756,36.447058999999996
-0.9793896349644413,36.01578495843153,-1.009756,36.447058999999996
-1.1482279437187817,36.08446946248944,-1.178049,36.447058999999996
-1.3187634236990018,36.200481042010594,-1.346341,36.447058999999996
-1.536635145572033,36.26507855643217,-1.514634,36.447058999999996
-1.7534260553787444,36.280247643746705,-1.682927,36.266667
-1.9703696221492066,36.29420653659062,-1.682927,36.266667
-2.137444645280711,36.26164392810095,-1.85122,36.086275
-2.2084017405657868,36.23375010629886,-2.019512,35.905882
-2.3228361793231542,36.106501244854435,-2.187805,35.72549
-2.4139001459323186,36.00386441096961,-2.187805,35.545097999999996
-2.527114067220781,35.87452232410563,-2.187805,35.364706
-2.662049184182889,35.71777942959953,-2.356098,35.003922
-2.7486337647977184,35.56265770614307,-2.356098,34.823529
-2.7343713831288223,35.312062288059934,-2.52439,34.643136999999996
-2.744607906947282,35.08189691129742,-2.52439,34.643136999999996
-2.8040322215665796,34.89725789406522,-2.860976,34.282353
-2.8908571146656197,34.78708341568209,-2.860976,34.101961
-3.045092736909698,34.64476748447619,-3.029268,33.921569
-3.1519719415514498,34.5047129646978,-3.029268,33.741175999999996
-3.2330520017164037,34.33891825569308,-3.197561,33.560784
-3.2673549544444427,34.17551088835476,-3.197561,33.380392
-3.3926516375632563,34.002970972037765,-3.365854,33.380392
-3.4961231088783613,33.85790514015188,-3.534146,33.2
-3.598723709508821,33.7116740400789,-3.702439,33.019608
-3.700440225407082,33.56427826250862,-3.702439,32.839216
-3.856443616369919,33.521516269804394,-3.870732,32.839216
-3.9817722667847786,33.39774847787277,-4.039024,32.839216
-4.106256966216421,33.27301996289226,-4.207317,32.839216
-4.249454483646655,33.11698842999096,-4.37561,32.839216
-4.40333767242063,33.071641479351364,-4.37561,32.839216
-4.620901090677503,32.98977600589741,-4.712195,33.019608
-4.793100477311569,32.912116487996784,-4.712195,33.2
-4.933630468240729,32.95135122253763,-4.712195,33.380392
-4.979314729453094,33.14317836935679,-4.880488,33.560784
-5.06326910721706,33.27236074973157,-4.880488,33.921569
-5.108869963372998,33.460811898510826,-4.880488,34.101961
-5.141196261472878,33.73104028794387,-4.880488,34.462745
-5.152946069233254,34.02705373568854,-4.880488,34.643136999999996
-5.1694095232996276,34.37074213427087,-5.04878,35.184314
-5.13772452928314,34.71454583571259,-5.04878,35.364706
-5.1711985002024825,35.01827431959176,-5.217073,35.545097999999996
-5.266056619648165,35.23347148922929,-5.217073,35.72549
-5.355543155498365,35.396621446408034,-5.217073,36.086275
-5.35573219156997,35.61928053973953,-5.385366,36.086275
-5.49251951929805,35.771862094041964,-5.385366,36.266667
-5.513080751400516,35.96268975614517,-5.385366,36.447058999999996
-5.607362135552105,36.16479928377447,-5.553659,36.627451
-5.648608729677919,36.32451426170829,-5.553659,36.807843
-5.720820232856882,36.5478517359392,-5.721951,36.988235
-5.8097371267652935,36.696580061191874,-5.721951,36.988235
-5.9423544057299775,36.791519054390456,-5.890244,37.349019999999996
-5.93886399491867,36.99585619181882,-6.058537,37.349019999999996
-6.071642044294167,37.088075162357,-6.058537,37.529412
-6.1869325765661465,37.24812069582273,-6.226829,37.529412
-6.293351201743112,37.31964261067766,-6.395122,37.529412
-6.493031196127841,37.331724221652834,-6.395122,37.529412
-6.648556498126563,37.393590928599124,-6.563415,37.529412
-6.826373917445196,37.42892419895115,-6.731707,37.529412
-7.026419943977553,37.437715300738525,-7.068293,37.529412
-7.172924830088272,37.411816406004846,-7.236585,37.529412
-7.3461710245445975,37.402077108188664,-7.236585,37.529412
-7.519392229334034,37.39154695336401,-7.404878,37.529412
-7.67567574855609,37.44790877754241,-7.404878,37.529412
-7.805149926537842,37.48706390055863,-7.404878,37.529412
-7.8589296772386295,37.51916837313434,-7.404878,37.529412
-7.8589296772386295,37.51916837313434,-7.573171,37.529412
-7.902788573282471,37.467930934209505,-7.741463,37.349019999999996
-7.995288807169265,37.40682274832312,-7.741463,37.349019999999996
-8.136271664291256,37.335513300669504,-7.741463,37.168627
-8.27691948126285,37.2636012394308,-7.909756,36.807843
-8.314568760283516,37.16930267850414,-7.909756,36.807843
-8.373263097955217,37.04817406934028,-7.909756,36.627451
-8.398316079950963,36.86700239650862,-7.909756,36.447058999999996
-8.443240849569035,36.65704085708596,-7.909756,35.905882
-8.465890426017642,36.47175542485447,-7.909756,35.905882
-8.460146039353509,36.26739358617819,-7.909756,35.72549
-8.446201577532285,36.01538819587692,-7.909756,35.72549
-8.397570677581834,35.861377600336034,-7.909756,35.364706
-8.395802577166128,35.69569264430307,-7.909756,35.364706
-8.440460798422235,35.51837744622001,-7.909756,35.184314
-8.456612118945346,35.32110006608665,-7.741463,35.003922
-8.460259194494784,35.19805800740788,-7.573171,34.823529
-8.38925529239892,35.065500888442145,-7.404878,34.643136999999996
-8.27954714185001,34.98963998687343,-7.236585,34.462745
-8.145343287308755,34.76734146698685,-7.068293,34.101961
-7.983450039772091,34.521245784488016,-7.068293,34.101961
-7.748053473330431,34.25899326333874,-6.9,33.921569
-7.630547315571389,34.125424039311014,-6.731707,33.921569
-7.465696127463778,34.131167725838786,-6.563415,33.921569
-7.246778925058834,34.09360046701407,-6.226829,33.741175999999996
-7.074088045065684,34.046110938423524,-6.226829,33.741175999999996
-6.893707157693967,33.94568315793772,-6.058537,33.741175999999996
-6.7406731068511085,33.86562088784639,-5.721951,33.741175999999996
-6.4934388152618965,33.93439907743867,-5.553659,33.741175999999996
-6.284007261497253,33.94196535106795,-5.385366,33.741175999999996
-6.028943041121067,33.95542768820066,-5.217073,33.741175999999996
-5.8390426217707585,33.93062497721557,-4.880488,33.921569
-5.656224993392142,33.95752308334042,-4.712195,33.921569
-5.388241541210736,34.04899954425865,-4.712195,34.101961
-5.1591145499998685,34.07985740909886,-4.543902,34.101961
-5.027541431610045,34.15041869623864,-4.37561,34.282353
-4.987517309476578,34.208838217803184,-4.37561,34.282353
-4.901316178800016,34.27285514698059,-4.207317,34.462745
-4.820437280703862,34.38872606789946,-4.039024,34.823529
-4.718548737045657,34.53257018602237,-3.870732,35.003922
-4.548666876987081,34.70910839892072,-3.702439,35.003922
-4.377216601164491,34.88371935838836,-3.534146,35.184314
-4.183058093661591,35.08415733934821,-3.534146,35.184314
-4.05109173697115,35.19959683042284,-3.365854,35.184314
-3.9398729807099695,35.28671225526074,-3.365854,35.364706
-3.89688004671941,35.34138451335126,-3.197561,35.545097999999996
-3.784970271507948,35.42757513457332,-3.029268,35.72549
-3.629024122408186,35.56700849475567,-3.029268,35.72549
-3.5195087312070257,35.700845358847545,-2.860976,35.905882
-3.431358642455697,35.80709820230302,-2.692683,35.905882
-3.317304587577281,35.89029409071082,-2.692683,36.086275
-3.2282357264640886,35.995171872741274,-2.52439,36.086275
-3.113323754141806,36.07709821130089,-2.52439,36.266667
-3.0233617490141675,36.18059486354289,-2.356098,36.447058999999996
-2.9329557909460213,36.28335951853568,-2.187805,36.627451
-2.844674349579396,36.43275223065777,-2.019512,36.627451
-2.7074272598863374,36.58403280528039,-1.85122,36.807843
-2.5208226173706674,36.736717647036684,-1.682927,36.988235
-2.33303499028481,36.88736058951392,-1.514634,36.988235
-2.1423409435044434,36.990141597538646,-1.178049,37.168627
-1.9037054115296446,37.139386068192096,-1.178049,37.349019999999996
-1.6875203365945453,37.26246757882366,-1.009756,37.529412
-1.4942807496462258,37.360243319381325,-0.841463,37.529412
-1.3755046025902207,37.52099938680953,-0.673171,37.529412
-1.2791848846477318,37.612879532101765,-0.504878,37.709804
-1.1825372210466494,37.70401112245618,-0.336585,37.709804
-1.03549656404655,37.75192341558876,-0.168293,37.890196
-0.8145041778026751,37.822553911963354,0.0,37.890196
-0.5930074933555431,37.89169393101193,0.504878,37.890196
-0.39616049888474336,38.02382869674082,0.673171,37.890196
-0.0991081653225585,38.06861961531696,0.841463,37.890196
0.1980824144468194,38.02527075415655,1.009756,37.890196
0.4204897129178402,37.95885809902279,1.178049,37.890196
0.5692788282281427,38.00023739333847,1.178049,37.890196
0.6183554260211874,37.95633831731799,1.178049,37.890196
0.6183554260211874,37.95633831731799,1.346341,37.890196
0.7172834955917917,37.95471847203209,1.346341,37.709804
0.7412457615837056,37.889267875494696,1.514634,37.529412
0.7889826719711888,37.75744697162891,1.514634,37.349019999999996
0.8358440380587009,37.58011311237878,1.514634,37.349019999999996
0.907876550603099,37.46725053390808,1.682927,36.988235
0.9057815153142172,37.33262806856434,1.682927,36.807843
0.9276832974741858,37.173511869491904,1.85122,36.627451
0.9733134869870526,36.98916148024708,1.85122,36.447058999999996
1.1155055450706879,36.80006149142234,2.019512,36.086275
1.181460620038191,36.492256614192215,2.187805,36.086275
1.4433041626462586,36.3645175397257,2.187805,35.905882
1.556965024060494,36.14354721188517,2.187805,35.72549
1.574050859667011,35.92335741809856,2.356098,35.545097999999996
1.6414948343826001,35.79747389646943,2.356098,35.545097999999996
1.7085163344379506,35.6706149132673,2.356098,35.545097999999996
1.801540127363646,35.61666003344897,2.52439,35.184314
1.7751073434048852,35.5427781427687,2.692683,35.184314
1.845112158930709,35.514509419569,2.692683,35.184314
2.007438534332376,35.43117363331992,2.860976,35.003922
2.119817970527066,35.298810679821294,3.029268,34.823529
2.2784094590709323,35.16260344108489,3.197561,34.823529
2.5323573525732694,35.07032750830933,3.197561,34.643136999999996
2.6173379314902316,34.91002302377795,3.365854,34.643136999999996
2.7046065552894962,34.800241006435385,3.702439,34.462745
2.962358597971548,34.80783798969337,3.870732,34.462745
3.170129003515724,34.76570251996803,3.870732,34.462745
3.3234967502753925,34.622338859125676,4.207317,34.101961
3.4335097554065115,34.53401930611276,4.37561,34.101961
3.5934465645158813,34.49340131833691,4.37561,34.101961
3.7443392460748655,34.34689478183574,4.543902,33.921569
3.873428612695246,34.22775657938967,4.712195,33.921569
4.027092228844545,34.131933258828276,4.880488,33.921569
4.236095523613606,34.136793445843,5.04878,33.921569
4.439898793574047,34.08743661571259,5.217073,33.921569
4.623237686180934,34.06626281975036,5.217073,33.921569
4.689136797851754,34.0315515164401,5.553659,33.921569
4.760686076424443,34.04981807863944,5.553659,34.101961
4.929837871294783,34.10936758176499,5.890244,34.282353
5.171356799036932,34.18503060774761,6.058537,34.462745
5.419940219121903,34.31055807074137,6.226829,34.643136999999996
5.669640338086234,34.433086889877075,6.226829,34.823529
5.834206048787875,34.61741856419776,6.395122,35.003922
5.899864166336547,34.76245355878893,6.563415,35.364706
5.998291716724559,34.97743504381011,6.563415,35.364706
6.049683663640343,35.19658381238429,6.731707,35.545097999999996
6.168220311005994,35.37765183735581,6.731707,35.72549
6.2868661393123215,35.556165167195644,6.731707,36.086275
6.358148630189309,35.73978446239376,6.731707,36.266667
6.4291604503044795,35.921147010039775,6.731707,36.447058999999996
6.47883576787793,36.12738297807535,6.731707,36.627451
6.479930597183731,36.33875808504719,6.731707,36.807843
6.448052354737381,36.483433767349624,6.731707,36.988235
6.420716590619108,36.67195226606738,6.563415,37.168627
6.365777222599377,36.84006125551879,6.563415,37.529412
6.336602874320011,37.024761733894024,6.395122,37.529412
6.204581803802977,37.17903049309756,6.226829,37.709804
6.067201922140452,37.28841568044547,6.058537,37.890196
5.978063973740969,37.3896298080093,5.721951,38.070588
5.817029587982304,37.52227979811563,5.553659,38.070588
5.624862948181011,37.59291323568024,5.385366,38.25098
5.432275834733527,37.66251904264048,5.217073,38.25098
5.265608711459912,37.74918267927866,4.880488,38.25098
5.045868518948174,37.79863305006529,4.543902,38.25098
4.825835651364823,37.84686426573795,4.37561,38.25098
4.579353582957756,37.87544052604216,4.37561,38.25098
4.309453629455927,37.926380259916385,4.039024,38.25098
4.062570627308109,37.95181670696327,3.702439,38.25098
3.8155479579488762,37.975750695959775,3.365854,37.890196
3.568394140075334,37.9981817399736,3.197561,37.709804
3.3211176919517555,38.0191093829682,2.692683,37.349019999999996
3.1211586930887982,37.99215471306649,2.356098,37.168627
2.8680585239727545,37.881691569295185,2.019512,36.988235
2.5901490377856398,37.74828265800491,1.346341,36.807843
2.1641625191546225,37.57538518494367,1.009756,36.447058999999996
1.6160795390305278,37.3330744639776,0.673171,36.447058999999996
1.0723908940295335,37.078564328107106,0.504878,36.266667
0.5820514936066008,36.811275373551,0.168293,35.905882
0.3389502530206254,36.720537790584316,0.0,35.905882
0.1689531490761702,36.556665668581715,-0.168293,35.72549
0.07227807526705199,36.461955842709216,-0.336585,35.545097999999996
-0.048074947467291906,36.34247566665647,-0.673171,34.643136999999996
-0.33428897440666994,36.001897883608834,-0.841463,34.101961
-0.6829381627732136,35.32395412221999,-0.841463,33.741175999999996
-1.0869376599148133,34.48290122279688,-1.009756,33.380392
-1.411730733093938,33.796142614413554,-1.178049,33.019608
-1.5556341641489002,33.3733069519144,-1.178049,32.658823999999996
-1.6110723763660104,33.05933665009344,-1.178049,32.478431
-1.6277255367522212,32.915348036103204,-1.178049,32.298039
-1.641793352111275,32.712433498446224,-1.346341,32.117647
-1.676332042799098,32.477265570020066,-1.346341,32.117647
-1.7385970599240466,32.38621397665215,-1.346341,32.117647
-1.841649862123706,32.23342655224752,-1.346341,32.117647
-1.8826155626186818,32.17194879288141,-1.346341,32.117647
-1.9030432264375392,32.1411320621025,-1.346341,31.937255
-1.9030432264375392,32.1411320621025,-1.346341,31.756863
-1.9175225639971263,31.99065953518939,-1.346341,31.576470999999998
-1.9085575505246446,31.80995920421315,-1.514634,31.576470999999998
-1.9225855722286145,31.65711292869185,-1.514634,31.396078
-1.9594466074861892,31.532749438391164,-1.514634,31.215685999999998
-2.0620007652703833,31.43507672476516,-1.514634,31.215685999999998
-2.0355219506047426,31.34370647217473,-1.514634,31.035294
-2.028785662786511,31.219732652410173,-1.514634,30.674509999999998
-2.0449832427620187,31.125155805727324,-1.514634,30.674509999999998
-2.0540137698526593,30.904359053121865,-1.514634,30.494118
-2.0626060179718504,30.681273787355718,-1.346341,30.133333
-2.0744536626242542,30.52018135608042,-1.346341,29.952941
-2.0216451277795766,30.328808005012,-1.178049,29.772548999999998
-1.9087563990492402,30.171361465537235,-1.178049,29.411765
-1.84990966850323,29.844065571851676,-1.009756,29.411765
-1.6570502957005466,29.68575278541396,-1.009756,29.231372999999998
-1.584850279810123,29.452688916063742,-1.009756,29.05098
-1.5567895508144431,29.283562656643625,-1.009756,28.870587999999998
-1.5690677900748096,29.111420366622447,-1.009756,28.690196
-1.541042032175035,28.939471337917787,-1.009756,28.509804
-1.5529449579803938,28.764486195175234,-0.841463,28.329411999999998
-1.48851617219335,28.66157752598498,-0.841463,27.968627
-1.4789909796888274,28.449481940703805,-0.841463,27.788235
-1.4270086784954366,28.164675385577198,-0.841463,27.607843
-1.41423467912443,27.87431883824676,-0.673171,27.247059
-1.3483584851423167,27.69271045094887,-0.673171,27.066667
-1.3182346542381929,27.433373003875413,-0.673171,27.066667
-1.2359025580413636,27.285688415538928,-0.673171,26.886275
-1.209525748212485,27.096955127814514,-0.673171,26.705882
-1.2035720463541573,26.944164020281743,-0.673171,26.52549
-1.217804025733983,26.828210927921987,-0.673171,26.345098
-1.2116573290691761,26.673273604353575,-0.673171,26.164706
-1.2224113402588124,26.47725583758336,-0.504878,26
-1.1653338243402303,26.43954225086783,-0.504878,26
-1.1054900499826843,26.322546035725473,-0.504878,26
-1.0460499950667952,26.204679120586057,-0.504878,26
-1.0263271343334246,26.165194249418963,-0.336585,26
-0.9752317271949238,26.286126608214975,-0.336585,26
-0.9163658102183163,26.167785915155438,-0.336585,26
-0.8797118552870167,26.16858450645367,-0.336585,26
-0.877351178551109,26.088400543216714,-0.168293,26
-0.82583330285917,26.209687038677643,-0.168293,26
-0.7176280056518642,26.291438358013167,-0.168293,26
-0.6964408956565684,26.17208798265252,-0.168293,26
-0.7138100273046959,26.131713000030974,-0.168293,26
-0.7138100273046959,26.131713000030974,-0.168293,26
-0.7138100273046959,26.131713000030974,-0.168293,26
-0.6964408956565684,26.17208798265252,-0.168293,26
-0.7138100273046959,26.131713000030974,-0.168293,26
-0.694571564009216,26.091875029541676,-0.168293,26
-0.7138100273046959,26.131713000030974,-0.168293,26
-0.7138100273046959,26.131713000030974,-0.168293,26
-0.6964408956565684,26.17208798265252,-0.168293,26
-0.7138100273046959,26.131713000030974,-0.168293,26
-0.694571564009216,26.091875029541676,-0.168293,26
-0.6772047471427136,26.132329584954398,-0.168293,26
-0.6964408956565684,26.17208798265252,-0.168293,26
-0.6964408956565684,26.17208798265252,-0.168293,26
-0.6772047471427136,26.132329584954398,-0.168293,26
-0.6772047471427136,26.132329584954398,-0.168293,26
-0.6964408956565684,26.17208798265252,-0.168293,26
-0.7138100273046959,26.131713000030974,-0.168293,26
-0.6964408956565684,26.17208798265252,-0.168293,26
-0.6964408956565684,26.17208798265252,-0.168293,26
-0.7138100273046959,26.131713000030974,-0.168293,26
-0.7138100273046959,26.131713000030974,-0.168293,26
-0.6964408956565684,26.17208798265252,-0.168293,26
-0.7138100273046959,26.131713000030974,-0.168293,26
-0.7138100273046959,26.131713000030974,-0.168293,26
-0.7138100273046959,26.131713000030974,-0.168293,26
-0.6964408956565684,26.17208798265252,-0.168293,26
-0.6772047471427136,26.132329584954398,-0.168293,26
-0.6964408956565684,26.17208798265252,-0.168293,26
-0.7138100273046959,26.131713000030974,-0.168293,26
-0.6964408956565684,26.17208798265252,-0.168293,26
-0.694571564009216,26.091875029541676,-0.168293,26
-0.6964408956565684,26.17208798265252,-0.168293,26
-0.6964408956565684,26.17208798265252,-0.168293,26
-0.6964408956565684,26.17208798265252,-0.168293,26
-0.694571564009216,26.091875029541676,-0.168293,26
-0.6772047471427136,26.132329584954398,-0.168293,26
-0.7138100273046959,26.131713000030974,-0.168293,26
-0.7138100273046959,26.131713000030974,-0.168293,26
-0.6772047471427136,26.132329584954398,-0.168293,26
-0.694571564009216,26.091875029541676,-0.168293,26
-0.6964408956565684,26.17208798265252,-0.168293,26
-0.7138100273046959,26.131713000030974,-0.168293,26
-0.7138100273046959,26.131713000030974,-0.168293,26
-0.7138100273046959,26.131713000030974,-0.168293,26
-0.7138100273046959,26.131713000030974,-0.168293,26
-0.694571564009216,26.091875029541676,-0.168293,26
-0.7138100273046959,26.131713000030974,-0.168293,26
-0.7138100273046959,26.131713000030974,-0.168293,26
-0.6964408956565684,26.17208798265252,-0.168293,26
-0.7138100273046959,26.131713000030974,-0.168293,26
-0.694571564009216,26.091875029541676,-0.168293,26
-0.7138100273046959,26.131713000030974,-0.168293,26
-0.6772047471427136,26.132329584954398,-0.168293,26
-0.6964408956565684,26.17208798265252,-0.168293,26
-0.694571564009216,26.091875029541676,-0.168293,26
-0.6964408956565684,26.17208798265252,-0.168293,26
-0.6772047471427136,26.132329584954398,-0.168293,26
-0.6964408956565684,26.17208798265252,-0.168293,26
-0.7138100273046959,26.131713000030974,-0.168293,26
-0.7138100273046959,26.131713000030974,-0.168293,26
-0.7138100273046959,26.131713000030974,-0.168293,26
-0.6964408956565684,26.17208798265252,-0.168293,26
-0.7138100273046959,26.131713000030974,-0.168293,26
-0.6772047471427136,26.132329584954398,-0.168293,26
-0.6964408956565684,26.17208798265252,-0.168293,26
-0.694571564009216,26.091875029541676,-0.168293,26
-0.6772047471427136,26.132329584954398,-0.168293,26
-0.6772047471427136,26.132329584954398,-0.168293,26
-0.7138100273046959,26.131713000030974,-0.168293,26
-0.694571564009216,26.091875029541676,-0.168293,26
-0.7138100273046959,26.131713000030974,-0.168293,26
-0.694571564009216,26.091875029541676,-0.168293,26
-0.7138100273046959,26.131713000030974,-0.168293,26
-0.6772047471427136,26.132329584954398,-0.168293,26
-0.7138100273046959,26.131713000030974,-0.168293,26
-0.6772047471427136,26.132329584954398,-0.168293,26
-0.694571564009216,26.091875029541676,-0.168293,26
-0.694571564009216,26.091875029541676,-0.168293,26
-0.6772047471427136,26.132329584954398,-0.168293,26
-0.7138100273046959,26.131713000030974,-0.168293,26
-0.7138100273046959,26.131713000030974,-0.168293,26
-0.6964408956565684,26.17208798265252,-0.168293,26
-0.694571564009216,26.091875029541676,-0.168293,26
-0.6772047471427136,26.132329584954398,-0.168293,26
-0.7138100273046959,26.131713000030974,-0.168293,26
-0.694571564009216,26.091875029541676,-0.168293,26
-0.694571564009216,26.091875029541676,-0.168293,26
-0.6772047471427136,26.132329584954398,-0.168293,26
-0.6772047471427136,26.132329584954398,-0.168293,26
-0.6964408956565684,26.17208798265252,-0.168293,26
-0.6964408956565684,26.17208798265252,-0.168293,26
-0.694571564009216,26.091875029541676,-0.168293,26
-0.6964408956565684,26.17208798265252,-0.168293,26
-0.7138100273046959,26.131713000030974,-0.168293,26
